Data,Otwarcie,Najwyzszy,Najnizszy,Zamkniecie,Wolumen
2012-01-03,40.145,40.909,40.145,40.624,653
2012-01-04,40.743,41.149,40.624,41.011,1578
2012-01-05,41.369,41.627,41.369,41.579,835
2012-01-09,45.424,45.424,41.856,41.856,370
2012-01-10,42.17,42.17,41.938,41.938,522
2012-01-11,45.341,45.341,41.847,41.847,539
2012-01-12,42.17,42.17,41.296,41.296,678
2012-01-13,41.406,41.406,41.406,41.406,23
2012-01-16,41.819,41.819,41.598,41.598,298
2012-01-17,41.7,41.718,41.46,41.46,2464
2012-01-18,41.618,41.618,40.715,40.936,436
2012-01-19,41.176,41.176,40.864,40.991,512
2012-01-20,40.873,40.873,40.873,40.873,37
2012-01-23,40.413,40.651,39.979,39.979,2882
2012-01-24,40.468,40.468,40.294,40.376,43
2012-01-25,40.376,40.468,40.376,40.468,29
2012-01-26,39.998,39.998,39.869,39.869,156
2012-01-27,39.777,39.834,39.005,39.834,2080
2012-01-30,39.365,39.557,39.365,39.557,126
2012-01-31,39.561,39.561,39.19,39.43,389
2012-02-01,39.428,39.428,39.299,39.299,26
2012-02-02,39.225,39.465,39.163,39.365,2326
2012-02-03,39.446,39.548,39.446,39.548,328
2012-02-07,39.548,39.548,39.548,39.548,12
2012-02-08,41.386,41.386,39.437,39.548,489
2012-02-09,39.538,39.621,39.538,39.621,95
2012-02-10,39.843,39.998,39.455,39.998,153
2012-02-13,40.1,40.1,39.888,39.888,319
2012-02-14,39.824,39.86,39.658,39.658,286
2012-02-15,40.247,40.55,40.028,40.55,56267
2012-02-16,40.936,40.936,40.431,40.743,18205
2012-02-17,40.936,40.936,40.028,40.09,65277
2012-02-20,40.358,40.358,40.182,40.182,396
2012-02-21,40.192,40.192,40.165,40.165,9
2012-02-22,41.736,41.736,40.247,40.247,12
2012-02-23,40.247,40.247,39.787,39.787,124
2012-02-24,39.752,39.752,39.64,39.64,98
2012-02-27,39.64,39.64,39.29,39.401,227
2012-02-28,39.088,39.088,39.088,39.088,105
2012-02-29,39.088,39.374,39.079,39.079,82
2012-03-01,39.163,39.428,39.079,39.079,208
2012-03-02,39.365,39.594,39.365,39.594,192
2012-03-05,41.258,41.258,39.852,39.852,260
2012-03-06,39.677,39.804,39.63,39.63,168
2012-03-07,39.64,40.062,39.64,40.062,332
2012-03-08,40.192,40.192,39.446,39.446,213
2012-03-09,39.64,39.64,39.548,39.548,436
2012-03-13,40.319,40.319,40.319,40.319,10
2012-03-14,40.946,41.296,40.946,41.203,372
2012-03-15,41.111,41.479,41.111,41.479,36
2012-03-16,41.386,41.396,41.386,41.396,34
2012-03-19,41.847,41.847,40.974,40.974,37
2012-03-20,40.974,41.093,40.974,40.982,254
2012-03-21,40.982,40.982,40.982,40.982,20
2012-03-22,41.305,41.305,40.864,40.864,2170
2012-03-26,40.79,40.79,40.79,40.79,10
2012-03-27,41.121,41.121,41.111,41.111,40
2012-03-28,41.111,41.157,41.111,41.157,23
2012-03-29,40.955,40.955,40.955,40.955,193
2012-04-02,40.909,40.936,40.909,40.928,16337
2012-04-03,40.928,41.019,40.928,41.019,110
2012-04-04,41.111,41.386,41.111,41.386,114
2012-04-05,41.057,41.588,41.057,41.588,101
2012-04-10,41.801,41.801,41.13,41.277,158
2012-04-11,40.928,40.928,40.928,40.928,135
2012-04-12,40.468,41.001,40.468,40.928,229
2012-04-13,41.195,41.195,41.195,41.195,3
2012-04-16,41.047,41.425,41.047,41.425,55
2012-04-17,41.801,41.801,41.14,41.14,59
2012-04-18,41.36,41.36,41.36,41.36,36
2012-04-19,41.46,41.46,41.149,41.149,3316
2012-04-23,41.847,41.847,41.847,41.847,3284
2012-04-24,40.651,41.011,40.605,40.605,7621
2012-04-25,41.047,41.047,40.624,40.624,5575
2012-04-26,40.835,40.835,40.835,40.835,34
2012-04-27,41.545,41.545,41.435,41.479,59
2012-04-30,41.369,41.369,40.928,40.928,157
2012-05-02,41.36,41.627,41.36,41.627,15
2012-05-07,40.982,40.982,40.982,40.982,89
2012-05-08,40.982,40.982,40.781,40.781,157
2012-05-09,40.79,40.79,40.79,40.79,5
2012-05-10,41.545,41.545,41.545,41.545,2
2012-05-11,41.618,41.618,41.618,41.618,35
2012-05-14,42.078,42.078,41.645,41.894,321
2012-05-15,42.031,42.528,42.031,42.528,117
2012-05-16,42.675,42.675,42.418,42.675,575
2012-05-17,42.49,42.49,42.428,42.428,52
2012-05-18,41.938,41.938,41.793,41.793,74
2012-05-21,41.386,41.386,41.386,41.386,4
2012-05-22,41.636,41.929,41.636,41.929,73
2012-05-23,42.563,42.563,42.343,42.343,27
2012-05-24,42.409,42.821,42.409,42.821,24
2012-05-28,42.97,43.033,42.97,43.033,42
2012-05-29,43.217,43.217,43.217,43.217,47
2012-05-30,43.217,43.217,43.217,43.217,5
2012-05-31,43.244,43.584,43.244,43.584,436
2012-06-01,43.411,43.513,43.411,43.513,163
2012-06-04,43.513,43.513,43.513,43.513,1
2012-06-05,41.655,41.655,41.655,41.655,217
2012-06-06,43.227,43.227,41.847,41.847,309
2012-06-08,42.197,42.197,42.105,42.105,395
2012-06-11,42.769,42.769,42.769,42.769,240
2012-06-12,43.871,43.871,42.49,42.49,427
2012-06-13,42.978,42.978,42.933,42.933,178
2012-06-14,42.51,42.51,42.51,42.51,22
2012-06-15,42.352,42.352,42.352,42.352,28
2012-06-18,42.538,42.786,42.216,42.786,256
2012-06-19,42.786,42.786,42.749,42.749,178
2012-06-20,42.657,42.711,42.657,42.701,556
2012-06-21,42.711,42.711,42.418,42.418,373
2012-06-22,42.582,42.582,42.307,42.307,179
2012-06-25,44.046,44.046,42.216,42.216,276
2012-06-26,42.021,42.021,42.021,42.021,11
2012-06-27,41.92,42.307,41.92,42.252,132
2012-06-28,42.62,42.978,42.62,42.859,169
2012-06-29,42.587,42.587,42.097,42.457,189
2012-07-03,42.74,42.74,42.675,42.675,70
2012-07-05,45.021,45.021,43.043,43.853,128
2012-07-06,43.311,43.311,43.311,43.311,5
2012-07-09,43.843,43.843,43.843,43.843,56
2012-07-13,43.871,43.871,42.886,43.108,79
2012-07-16,43.263,43.263,43.263,43.263,185
2012-07-17,43.319,43.319,43.319,43.319,17
2012-07-18,42.868,43.393,42.868,43.373,294
2012-07-19,43.328,43.328,43.328,43.328,545
2012-07-20,43.227,43.421,43.227,43.292,225
2012-07-23,43.723,43.723,43.723,43.723,14
2012-07-24,43.364,43.364,43.364,43.364,19
2012-07-25,43.126,43.126,42.951,42.951,256
2012-07-26,42.563,42.563,42.216,42.216,253
2012-07-27,42.777,42.777,42.777,42.777,22
2012-07-30,43.043,43.043,43.043,43.043,20
2012-08-01,43.07,43.07,43.07,43.07,10
2012-08-02,42.951,42.951,42.951,42.951,22
2012-08-03,43.043,43.043,43.015,43.015,214
2012-08-06,42.692,42.692,42.692,42.692,186
2012-08-07,42.446,42.446,42.446,42.446,120
2012-08-09,42.85,43.328,42.786,43.328,155
2012-08-16,43.503,43.688,43.117,43.117,376
2012-08-17,43.393,43.393,43.393,43.393,53
2012-08-20,43.566,43.566,43.538,43.538,88
2012-08-21,43.227,43.227,42.996,42.996,191
2012-08-23,42.97,42.97,42.831,42.831,157
2012-08-24,42.49,42.49,42.49,42.49,16
2012-08-28,42.769,42.769,42.769,42.769,308
2012-08-29,43.043,43.411,42.769,43.411,101
2012-08-30,43.696,43.696,43.688,43.688,144
2012-08-31,43.69,43.69,43.671,43.671,263
2012-09-03,43.871,43.871,43.815,43.815,122
2012-09-04,43.688,43.688,43.475,43.641,26
2012-09-05,43.641,43.641,43.614,43.614,93
2012-09-06,43.679,43.679,43.531,43.531,28
2012-09-07,43.227,43.227,43.227,43.227,110
2012-09-11,42.886,43.006,42.335,42.335,334
2012-09-12,42.187,42.187,42.187,42.187,3240
2012-09-14,42.307,42.573,42.206,42.418,1547
2012-09-17,42.39,42.769,42.216,42.769,141
2012-09-19,43.227,43.273,43.227,43.273,121
2012-09-20,43.393,43.393,43.393,43.393,1305
2012-09-21,43.373,43.373,43.373,43.373,30
2012-09-24,43.493,43.751,43.393,43.751,140
2012-09-25,43.871,43.871,43.751,43.751,105
2012-09-27,43.227,43.227,43.227,43.227,106
2012-09-28,43.226,43.226,42.773,42.773,263
2012-10-02,42.996,42.996,42.638,42.638,340
2012-10-03,43.144,43.144,43.144,43.144,8
2012-10-04,42.978,42.978,42.904,42.904,50
2012-10-11,42.471,42.675,42.471,42.675,11
2012-10-15,41.976,41.976,41.976,41.976,110
2012-10-16,43.688,43.688,43.688,43.688,11
2012-10-22,44.146,44.146,41.793,42.206,2470
2012-10-25,42.279,42.362,42.279,42.362,54
2012-10-29,45.617,45.617,42.261,42.325,215
2012-10-30,41.976,45.627,41.976,45.627,61
2012-10-31,42.319,42.328,42.124,42.124,542
2012-11-02,42.563,42.563,42.563,42.563,21
2012-11-05,46.436,46.436,42.592,42.675,80
2012-11-06,42.84,42.859,42.84,42.859,59
2012-11-08,46.353,46.353,46.353,46.353,8
2012-11-09,42.307,42.471,41.774,42.471,1049
2012-11-12,43.823,43.823,42.399,42.399,84
2012-11-13,42.307,42.307,42.307,42.307,53
2012-11-14,42.031,42.031,42.031,42.031,802
2012-11-15,41.13,41.13,41.111,41.111,66
2012-11-16,41.497,41.497,41.435,41.435,508
2012-11-19,41.7,41.783,41.332,41.783,318
2012-11-20,41.938,41.957,41.819,41.876,195
2012-11-21,41.92,41.92,41.92,41.92,67
2012-11-22,41.847,41.847,41.847,41.847,142
2012-11-23,41.736,41.736,41.527,41.527,119
2012-11-26,42.031,42.031,41.342,41.342,362
2012-11-27,41.746,41.746,41.746,41.746,22
2012-11-28,41.571,41.571,41.536,41.536,77
2012-11-29,41.793,41.894,41.663,41.894,284
2012-11-30,41.663,42.032,41.663,41.885,826
2012-12-03,42.031,42.031,41.663,41.663,157
2012-12-04,41.681,41.681,41.663,41.663,41
2012-12-05,41.681,41.681,41.383,41.596,104
2012-12-06,41.524,41.699,41.524,41.699,20
2012-12-07,42.032,42.31,42.032,42.31,1495
2012-12-10,43.809,43.809,42.31,42.31,104
2012-12-11,42.124,42.124,41.885,41.885,25
2012-12-12,41.958,42.282,41.958,42.199,403
2012-12-13,42.115,42.115,42.115,42.115,20
2012-12-14,41.81,41.846,41.31,41.31,799
2012-12-17,41.328,41.328,41.328,41.328,157
2012-12-18,41.856,41.856,41.727,41.727,301
2012-12-19,40.357,41.764,40.357,41.764,263
2012-12-20,41.171,41.171,41.125,41.125,1620
2012-12-21,41.764,41.764,40.902,41.181,388
2012-12-27,40.867,40.94,40.727,40.774,490
2012-12-28,40.978,40.978,40.931,40.931,144
2013-01-02,42.578,42.578,41.439,41.986,3098
2013-01-03,42.578,42.892,42.457,42.892,326
2013-01-04,42.967,43.448,42.967,43.448,86
2013-01-07,43.504,43.504,43.504,43.504,132
2013-01-08,43.19,43.19,43.19,43.19,53
2013-01-10,42.948,42.948,42.578,42.578,81
2013-01-11,42.355,42.56,42.355,42.533,312
2013-01-14,43.504,43.504,42.697,42.697,22
2013-01-16,42.597,42.597,42.431,42.431,66
2013-01-17,44.429,44.429,42.671,42.671,40
2013-01-18,44.429,44.429,42.773,43.504,461
2013-01-21,43.596,43.801,43.301,43.801,433
2013-01-22,44.429,44.429,43.643,43.643,194
2013-01-23,43.514,43.792,43.514,43.792,163
2013-01-24,44.115,44.115,44.115,44.115,56
2013-01-25,44.152,44.152,43.754,43.754,244
2013-01-28,44.003,44.003,43.911,43.911,38
2013-01-30,43.939,43.939,43.939,43.939,1135
2013-01-31,43.485,43.485,43.485,43.485,20
2013-02-01,43.152,43.393,43.059,43.059,83
2013-02-04,43.059,43.457,43.059,43.217,69
2013-02-05,43.319,43.69,43.319,43.69,39
2013-02-06,43.993,43.993,43.69,43.69,28
2013-02-07,44.105,44.105,44.105,44.105,35
2013-02-11,43.967,44.384,43.967,44.336,55
2013-02-12,44.551,44.551,44.551,44.551,5
2013-02-13,44.365,44.365,44.365,44.365,5
2013-02-14,44.245,44.336,44.245,44.336,433
2013-02-15,45.262,45.262,44.503,44.911,474
2013-02-18,44.551,44.752,44.551,44.752,87
2013-02-19,41.653,44.801,41.653,44.801,135
2013-02-20,45.168,45.168,44.448,44.448,18
2013-02-21,44.921,44.921,44.874,44.874,88
2013-02-22,44.826,44.826,44.826,44.826,83
2013-02-25,44.893,44.893,44.67,44.67,150
2013-02-26,44.356,44.474,44.356,44.474,2546
2013-02-27,44.66,44.801,44.66,44.801,303
2013-02-28,44.181,45.168,44.181,45.168,241
2013-03-01,45.068,45.262,45.068,45.262,59
2013-03-04,45.226,45.226,45.226,45.226,28
2013-03-05,45.642,45.994,45.642,45.994,443
2013-03-06,46.279,46.279,46.058,46.058,125
2013-03-07,46.328,46.328,46.094,46.152,8705
2013-03-08,46.178,46.41,45.744,46.41,447
2013-03-11,46.744,46.744,46.032,46.197,239
2013-03-12,46.197,46.373,46.197,46.373,152
2013-03-13,46.373,46.373,46.279,46.279,17
2013-03-14,49.52,49.52,47.205,47.205,168
2013-03-15,46.836,46.836,46.697,46.697,385
2013-03-18,46.697,46.883,46.466,46.466,93
2013-03-20,46.836,47.391,46.836,47.391,288
2013-03-21,47.483,47.483,47.391,47.391,35
2013-03-22,47.391,47.391,46.883,47.205,43
2013-03-26,47.205,47.668,47.205,47.668,85
2013-03-27,48.132,48.132,47.853,47.853,53
2013-03-28,48.223,48.223,47.762,47.762,39
2013-04-02,48.641,48.641,48.18,48.363,187
2013-04-03,50.908,50.908,48.132,48.223,270
2013-04-04,48.223,48.223,47.808,47.808,126
2013-04-05,47.808,47.808,46.651,46.744,347
2013-04-08,46.697,46.697,46.086,46.086,284
2013-04-10,46.466,46.466,46.466,46.466,18
2013-04-11,46.744,46.744,46.651,46.651,65
2013-04-12,47.345,47.345,47.205,47.205,275
2013-04-15,46.947,47.004,46.79,46.79,29
2013-04-17,47.205,47.205,45.912,46.067,122
2013-04-18,46.734,46.734,45.355,46.279,140
2013-04-19,45.586,45.586,45.586,45.586,56
2013-04-22,46.049,46.049,46.049,46.049,40
2013-04-23,46.734,47.205,46.734,46.91,76
2013-04-24,47.205,47.559,47.205,47.559,26
2013-04-25,47.642,47.642,47.642,47.642,20
2013-04-29,47.205,47.585,47.141,47.52,347
2013-04-30,48.133,48.133,47.295,47.295,4012
2013-05-06,47.91,48.132,47.91,48.132,31
2013-05-07,47.205,48.335,47.205,48.335,129
2013-05-08,48.335,48.335,48.335,48.335,268
2013-05-09,48.41,48.41,48.41,48.41,25
2013-05-10,48.688,49.234,48.688,49.234,13591
2013-05-13,49.205,49.483,49.205,49.483,537
2013-05-14,49.789,50.798,49.789,50.039,2228
2013-05-15,50.908,50.908,50.17,50.539,132
2013-05-16,50.539,50.972,50.539,50.898,8515
2013-05-17,50.862,51.148,50.844,51.148,13535
2013-05-20,51.14,51.14,50.722,50.982,614
2013-05-22,51.075,51.075,51.039,51.048,110
2013-05-23,51.048,51.048,50.086,50.086,266
2013-05-24,50.621,50.621,50.17,50.17,205
2013-05-27,50.696,50.742,50.66,50.66,24
2013-05-28,51.103,51.233,50.956,51.233,221
2013-05-29,50.904,51.165,50.904,51.165,56
2013-05-31,51.165,51.185,51.165,51.185,40
2013-06-03,48.826,50.798,48.826,50.307,774
2013-06-04,50.541,50.541,49.664,50.027,39245
2013-06-05,50.448,50.448,49.925,50,70
2013-06-06,49.609,49.609,49.366,49.609,127
2013-06-07,49.614,49.614,49.614,49.614,18
2013-06-10,50.307,50.382,49.798,49.798,946
2013-06-11,52.157,52.157,49.307,49.307,273
2013-06-12,49.262,49.577,49.093,49.093,186
2013-06-13,49.974,49.974,48.067,48.909,162
2013-06-14,49.059,49.112,48.909,48.909,111
2013-06-17,49.059,49.059,49.059,49.059,25
2013-06-18,50.894,50.894,49.244,49.525,193
2013-06-19,49.428,49.428,49.242,49.242,209
2013-06-20,49.862,49.937,49.658,49.658,152
2013-06-21,49.982,49.982,49.982,49.982,10
2013-06-24,49.76,49.76,49.624,49.624,54
2013-06-25,49.982,49.982,49.337,49.337,62
2013-06-26,49.319,50.541,49.319,50.541,27106
2013-06-27,50.102,50.773,50.102,50.773,14985
2013-06-28,50.722,50.882,50.279,50.77,15022
2013-07-01,50.605,50.839,50.605,50.839,228
2013-07-02,50.997,50.997,50.541,50.541,16986
2013-07-03,50.559,50.997,50.559,50.997,590
2013-07-04,53.226,53.226,51.287,51.287,96
2013-07-05,51.325,51.837,51.325,51.783,654
2013-07-08,51.725,52.192,51.725,52.192,124
2013-07-09,54.794,54.794,52.387,52.668,6689
2013-07-10,52.741,52.947,52.741,52.75,86
2013-07-11,54.094,54.094,52.415,52.415,1062
2013-07-12,54.058,54.058,52.591,52.732,219
2013-07-15,52.732,52.732,52.266,52.368,170
2013-07-16,52.435,52.435,51.185,51.185,1998
2013-07-17,51.613,51.613,51.185,51.185,101
2013-07-18,51.641,51.94,51.641,51.94,5430
2013-07-19,51.296,51.856,51.296,51.856,144
2013-07-22,51.641,52.435,51.39,51.464,149
2013-07-23,52.23,52.23,51.231,51.231,145
2013-07-24,51.296,51.325,50.736,50.736,643
2013-07-25,51.017,51.017,51.017,51.017,65
2013-07-26,51.11,51.11,50.736,50.736,56
2013-07-29,51.287,51.287,51.287,51.287,36
2013-07-30,51.296,51.296,50.803,51.258,3373
2013-07-31,51.258,51.511,51.258,51.511,221
2013-08-01,51.631,51.764,51.521,51.764,480
2013-08-02,52.202,52.304,51.754,51.754,197
2013-08-05,51.773,51.773,51.334,51.334,5286
2013-08-06,51.437,51.437,50.942,50.942,242
2013-08-07,50.933,51.129,50.736,50.736,117
2013-08-08,50.579,50.867,49.897,49.897,515
2013-08-09,50.102,50.522,50.037,50.037,390
2013-08-12,50.363,50.4,50.363,50.4,35
2013-08-13,51.11,51.11,50.4,50.559,62
2013-08-14,51.007,51.007,50.644,50.644,108
2013-08-16,50.363,50.363,49.766,49.766,242
2013-08-19,50.894,50.894,49.703,49.85,531
2013-08-20,52.23,52.23,49.244,49.244,256
2013-08-21,49.244,49.431,49.244,49.431,254
2013-08-22,51.725,51.725,49.366,49.841,346
2013-08-26,49.841,49.841,49.841,49.841,16
2013-08-27,49.935,49.935,49.337,49.525,80
2013-08-28,49.477,49.477,49.477,49.477,24
2013-08-29,48.758,50.037,48.758,49.766,1105
2013-08-30,50.28,50.28,50.28,50.28,243
2013-09-02,50.597,50.597,50.085,50.085,30
2013-09-03,50.597,50.924,50.597,50.924,82
2013-09-04,51.715,51.715,50.531,50.541,186
2013-09-05,51.155,51.641,51.155,51.641,2277
2013-09-06,51.66,51.679,50.97,50.97,53718
2013-09-09,51.409,51.698,51.204,51.204,40289
2013-09-10,51.65,51.65,51.026,51.026,34740
2013-09-11,51.698,51.698,50.654,50.654,60970
2013-09-12,50.914,50.914,50.849,50.849,106
2013-09-13,50.924,50.924,50.318,50.42,155
2013-09-16,50.877,51.091,50.83,50.83,267
2013-09-17,50.97,51.129,50.644,51.129,251
2013-09-18,51.129,51.129,50.978,50.978,214
2013-09-19,50.363,50.83,50.363,50.783,314
2013-09-20,50.271,50.961,50.271,50.961,270
2013-09-23,51.698,51.698,50.83,50.83,324
2013-09-24,50.363,50.783,50.363,50.783,57
2013-09-25,50.783,50.783,50.363,50.363,407
2013-09-26,50.15,50.709,50.15,50.709,38
2013-09-27,51.698,51.698,50.085,50.085,121
2013-09-30,51.698,51.698,49.897,49.897,183
2013-10-01,50.13,50.252,50.13,50.252,42
2013-10-02,50.363,50.363,49.477,49.477,834
2013-10-03,49.431,49.431,49.337,49.337,2114
2013-10-04,49.244,49.244,49.244,49.244,38
2013-10-07,50.345,50.345,48.974,49.272,5469
2013-10-08,48.965,48.965,48.965,48.965,39
2013-10-09,49.467,49.467,48.778,49.011,5709
2013-10-10,49.291,49.589,49.244,49.589,154
2013-10-11,49.589,49.589,49.385,49.385,20
2013-10-14,49.814,49.814,49.71,49.71,437
2013-10-15,50.383,50.559,50.009,50.009,5011
2013-10-16,50,50.075,50,50.075,1080
2013-10-17,51.698,51.698,49.962,50.093,474
2013-10-18,50.075,50.486,50.075,50.486,97
2013-10-21,51.641,51.641,50.821,50.821,188
2013-10-22,50.363,50.821,50.363,50.783,273
2013-10-23,51.268,51.268,49.99,49.99,5129
2013-10-24,51.017,51.017,50.271,50.271,334
2013-10-25,50.654,50.654,50.213,50.42,62
2013-10-28,50.83,50.924,50.783,50.924,240
2013-10-29,51.017,51.054,51.017,51.054,156
2013-10-30,51.155,51.155,51.129,51.129,1200
2013-10-31,51.66,51.66,51.155,51.296,224
2013-11-04,51.296,51.764,51.296,51.764,284
2013-11-05,52.22,52.22,51.783,51.783,232
2013-11-06,53.598,53.598,51.764,51.93,330
2013-11-07,50.83,52.508,50.83,52.508,249
2013-11-08,51.715,52.387,51.66,52.387,445
2013-11-12,53.161,53.161,52.611,52.854,392
2013-11-13,52.854,52.854,52.332,52.332,28
2013-11-14,52.882,53.022,52.723,53.003,200
2013-11-15,53.003,53.003,52.976,52.976,181
2013-11-18,53.497,53.497,52.538,52.985,686
2013-11-19,53.598,53.598,52.368,52.415,1093
2013-11-20,52.314,53.133,52.314,53.115,30
2013-11-21,53.161,53.161,53.124,53.161,81
2013-11-22,53.161,53.161,52.844,53.161,533
2013-11-25,53.161,53.608,53.161,53.535,1079
2013-11-26,52.891,53.404,52.891,53.404,179
2013-11-27,53.404,53.404,52.808,52.808,56
2013-11-28,53.628,53.628,52.937,53.161,168
2013-11-29,53.161,53.161,53.013,53.013,221
2013-12-02,53.386,53.386,53.386,53.386,2
2013-12-03,52.976,52.976,52.976,52.976,6
2013-12-04,52.508,52.976,52.508,52.741,565
2013-12-05,52.23,52.23,52.23,52.23,28
2013-12-06,54.086,54.086,52.462,52.508,74
2013-12-09,52.695,52.695,52.658,52.658,28
2013-12-10,52.621,52.621,52.256,52.323,18
2013-12-11,52.416,52.416,51.882,51.882,2705
2013-12-12,51.59,51.59,51.131,51.131,196
2013-12-13,51.712,51.712,51.6,51.609,374
2013-12-16,51.6,51.6,51.131,51.131,217
2013-12-17,51.6,51.6,51.506,51.6,235
2013-12-18,51.6,51.824,51.6,51.824,75
2013-12-19,52.539,52.744,52.539,52.726,13610
2013-12-20,52.82,53.476,52.792,52.829,4481
2013-12-23,53.007,53.241,53.007,53.166,2349
2013-12-27,51.093,53.007,51.093,53.007,106
2013-12-30,53.148,53.166,53.148,53.148,4758
2014-01-02,53.476,53.861,53.476,53.616,17
2014-01-03,53.476,53.834,53.393,53.834,1300
2014-01-07,54.415,54.415,53.757,53.992,1831
2014-01-08,53.992,53.992,53.486,53.757,217
2014-01-09,53.596,54.039,53.596,54.039,262
2014-01-10,54.039,54.321,53.044,53.476,6598
2014-01-13,53.007,56.29,53.007,56.29,4941
2014-01-14,53.044,53.044,52.539,52.613,6049
2014-01-15,53.468,53.945,53.468,53.945,507
2014-01-16,55.755,55.755,53.889,54.002,251
2014-01-17,54.068,54.068,54.068,54.068,53
2014-01-20,54.049,54.049,53.851,54.01,637
2014-01-21,55.335,55.335,54.301,54.386,148
2014-01-22,54.347,54.347,54.255,54.255,80
2014-01-23,53.572,53.834,53.026,53.419,5526
2014-01-24,53.299,53.58,52.679,52.679,6174
2014-01-27,52.679,52.679,52.191,52.275,317
2014-01-28,52.549,52.623,52.455,52.455,139
2014-01-29,52.886,53.007,52.134,52.744,11458
2014-01-30,52.744,53.344,52.726,53.344,341
2014-01-31,52.912,53.616,52.82,53.616,3390
2014-02-03,54.415,54.415,53.007,53.206,516
2014-02-04,54.415,54.415,52.06,52.406,1828
2014-02-05,52.539,52.539,51.178,51.178,476
2014-02-06,51.6,52.088,51.6,52.003,10525
2014-02-07,52.529,52.584,52.088,52.191,1915
2014-02-10,53.476,53.476,52.633,52.643,1453
2014-02-11,52.679,52.997,52.679,52.857,5149
2014-02-12,53.476,53.476,52.912,53.419,260
2014-02-13,53.476,53.476,52.801,52.801,135
2014-02-14,53.851,53.851,52.549,53.035,2277
2014-02-17,53.945,53.945,53.299,53.299,210
2014-02-18,53.476,53.476,52.801,52.801,2254
2014-02-19,54.039,54.039,52.876,52.961,195
2014-02-20,53.289,53.289,53.279,53.279,2
2014-02-21,54.039,54.039,53.249,53.249,148
2014-02-24,53.289,53.438,53.249,53.438,98
2014-02-25,53.533,53.533,53.383,53.419,89
2014-02-26,53.74,53.785,53.74,53.785,54
2014-02-27,54.17,54.17,53.785,53.945,73
2014-02-28,54.17,54.17,53.626,53.805,159
2014-03-03,55.315,55.315,53.318,53.842,1132
2014-03-04,55.335,55.335,54.133,54.133,423
2014-03-05,54.133,54.78,54.133,54.78,1671
2014-03-06,55.353,55.353,54.415,54.433,253
2014-03-07,55.353,55.353,54.311,54.601,2502
2014-03-10,55.353,55.353,54.415,54.442,210
2014-03-11,54.462,54.462,54.247,54.462,1979
2014-03-12,56.273,56.273,54.179,54.386,2478
2014-03-13,56.76,56.76,54.273,54.273,1536
2014-03-14,56.159,56.159,53.588,53.596,220
2014-03-17,53.973,54.039,53.596,53.646,154
2014-03-18,54.883,54.883,54.114,54.321,133
2014-03-19,54.321,54.321,53.572,53.572,6301
2014-03-20,54.883,54.883,54.095,54.095,42
2014-03-21,54.415,54.968,54.415,54.968,34
2014-03-24,55.353,55.353,54.161,54.161,8079
2014-03-25,55.26,55.26,54.152,54.161,63
2014-03-26,54.415,54.462,54.189,54.462,594
2014-03-27,54.508,54.508,53.486,53.562,336
2014-03-28,55.335,55.335,53.851,53.945,153
2014-03-31,54.415,54.415,54.133,54.347,207
2014-04-01,54.601,54.601,54.347,54.347,1018
2014-04-02,54.462,54.968,54.462,54.883,697
2014-04-03,55.335,55.335,54.594,55.211,127
2014-04-04,55.211,55.335,54.893,54.893,2002
2014-04-07,55.345,55.345,54.367,54.601,498
2014-04-08,54.367,54.367,53.383,53.383,266
2014-04-09,53.851,53.851,53.757,53.851,18
2014-04-10,55.353,55.353,53.814,53.814,488
2014-04-11,53.814,53.814,52.726,52.726,213
2014-04-14,54.415,54.415,52.82,53.007,243
2014-04-15,53.476,53.542,53.363,53.542,675
2014-04-16,55.166,55.166,53.945,53.945,5199
2014-04-17,54.104,54.189,54.01,54.189,471
2014-04-22,55.061,55.061,54.104,54.179,5824
2014-04-23,54.601,54.742,54.255,54.255,470
2014-04-24,53.766,54.873,53.766,54.386,467
2014-04-25,54.883,54.883,54.452,54.508,303
2014-04-28,54.863,54.863,54.415,54.415,200
2014-04-29,53.945,54.771,53.945,54.508,480
2014-04-30,54.508,54.508,54.34,54.415,25
2014-05-02,54.863,54.883,54.863,54.883,133
2014-05-05,54.508,54.649,54.218,54.508,276
2014-05-06,54.893,54.893,54.283,54.639,1493
2014-05-07,54.742,54.742,53.879,54.095,247
2014-05-08,54.095,54.742,54.095,54.742,63
2014-05-09,54.883,54.883,54.499,54.668,75
2014-05-12,54.883,54.893,54.873,54.893,1657
2014-05-13,55.071,55.353,55.071,55.353,1646
2014-05-14,55.353,55.719,55.353,55.672,61
2014-05-15,54.883,55.598,54.883,55.55,181
2014-05-16,55.55,55.55,54.883,54.883,456
2014-05-19,56.281,56.281,54.977,55.108,46
2014-05-20,55.353,55.353,55.006,55.335,197
2014-05-21,55.335,55.353,54.883,55.353,115
2014-05-22,55.353,55.531,55.353,55.447,296
2014-05-23,55.54,55.71,55.54,55.598,113
2014-05-26,55.727,55.868,55.727,55.727,233
2014-05-27,55.823,55.823,55.823,55.823,1
2014-05-28,55.868,56.281,55.868,56.169,55
2014-05-29,56.29,56.29,56,56,116
2014-05-30,56.254,56.29,55.823,56.112,56
2014-06-02,57.155,57.155,56.197,56.197,226
2014-06-03,56.3,56.3,56.197,56.197,30
2014-06-04,56.76,56.76,56.103,56.197,256
2014-06-05,56.244,56.29,56.169,56.29,71
2014-06-06,56.29,56.29,56.01,56.01,1375
2014-06-09,57.23,57.23,55.962,55.962,936
2014-06-10,56.854,56.854,56.854,56.854,16
2014-06-11,56.3,57.061,56.3,56.854,401
2014-06-12,56.854,56.909,56.656,56.909,122
2014-06-13,56.949,56.949,56.385,56.478,135
2014-06-16,56.478,56.478,56.478,56.478,4
2014-06-17,56.76,57.164,56.76,57.164,171
2014-06-18,57.23,57.23,56.949,57.117,127
2014-06-20,57.23,58.026,57.23,58.026,98
2014-06-23,58.026,58.026,57.886,57.952,84
2014-06-24,58.026,58.026,57.511,57.511,166
2014-06-25,57.23,57.446,57.23,57.23,220
2014-06-26,57.135,57.23,56.957,57.23,61
2014-06-27,57.23,57.23,57.003,57.003,151
2014-06-30,57.23,57.324,57.23,57.324,75
2014-07-01,57.511,57.773,57.416,57.773,724
2014-07-02,58.168,58.168,57.773,57.773,23
2014-07-03,57.989,58.168,57.989,58.168,110
2014-07-04,58.168,58.364,58.168,58.364,65
2014-07-07,59.058,59.058,58.168,58.168,466
2014-07-08,58.172,58.172,57.669,57.669,807
2014-07-09,58.132,58.132,57.178,57.491,664
2014-07-10,58.463,58.463,57.434,57.661,217
2014-07-11,58.918,58.918,57.283,57.283,340
2014-07-14,57.916,58.058,57.916,58.058,86
2014-07-15,58.853,58.853,57.992,57.992,82
2014-07-16,58.398,58.398,58.086,58.398,61
2014-07-17,58.398,58.398,57.85,57.85,114
2014-07-18,58.029,58.086,57.85,57.85,91
2014-07-21,58.888,58.888,57.934,58.019,650
2014-07-23,58.775,58.853,58.512,58.512,942
2014-07-24,58.039,58.521,58.039,58.521,32
2014-07-25,58.869,58.918,58.869,58.918,120
2014-07-28,58.938,58.982,58.227,58.227,156
2014-07-29,58.956,58.956,58.956,58.956,22
2014-07-30,58.956,58.974,58.749,58.974,118
2014-07-31,58.794,58.794,58.473,58.729,392
2014-08-01,58.019,58.019,57.708,57.944,453
2014-08-04,58.132,58.132,57.745,57.745,125
2014-08-05,58.132,58.132,58.068,58.068,20
2014-08-06,58.068,58.086,58.068,58.068,83
2014-08-07,58.086,58.38,58.039,58.039,148
2014-08-08,58.974,58.974,57.661,58.058,151
2014-08-11,58.132,58.587,58.132,58.237,570
2014-08-12,58.843,58.843,58.749,58.749,19
2014-08-13,59.079,59.079,58.605,58.672,139
2014-08-14,58.512,58.794,58.512,58.739,139
2014-08-18,59.22,59.55,59.193,59.193,79
2014-08-19,63.19,63.19,59.806,60.004,353
2014-08-20,59.703,60.307,59.683,60.307,172
2014-08-21,60.307,60.656,60.307,60.307,147
2014-08-22,60.648,60.685,60.639,60.639,81
2014-08-25,60.639,61.102,60.609,60.714,201
2014-08-26,62.889,62.889,61.025,61.319,321
2014-08-27,61.442,61.546,61.319,61.452,291
2014-08-28,61.725,61.837,61.092,61.837,311
2014-08-29,63.805,63.805,61.725,61.725,542
2014-09-01,62.386,62.386,61.914,61.981,321
2014-09-02,64.277,64.277,62.141,62.197,443
2014-09-03,63.238,63.238,61.922,62.292,1517
2014-09-04,62.292,62.386,61.745,62.386,373
2014-09-05,64.268,64.268,61.735,62.178,289
2014-09-08,62,62.178,62,62.178,29
2014-09-09,62.386,62.859,62.386,62.603,254
2014-09-10,63.332,63.332,62.357,62.357,1648
2014-09-11,63.293,63.293,61.914,62.481,294
2014-09-12,64.239,64.239,62.151,62.519,179
2014-09-15,64.259,64.259,62.009,62.009,151
2014-09-16,62.103,62.103,62.036,62.036,152
2014-09-17,62.566,62.566,61.962,61.962,589
2014-09-18,61.932,63.048,61.932,63.048,231
2014-09-19,63.568,63.568,63.181,63.181,161
2014-09-22,63.332,63.332,63.088,63.088,390
2014-09-23,64.229,64.229,61.914,62.416,525
2014-09-24,61.914,62.603,61.83,62.603,225
2014-09-25,63.634,63.634,62.207,62.207,1271
2014-09-26,61.773,62.642,61.773,62.642,123
2014-09-29,62.386,63.199,62.386,62.973,408
2014-09-30,63.521,63.749,63.19,63.19,178
2014-10-01,63.238,63.323,62.859,62.859,151
2014-10-02,64.22,64.22,61.461,61.489,853
2014-10-03,61.651,63.133,61.651,63.133,156
2014-10-06,63.332,63.823,63.332,63.473,284
2014-10-07,63.616,63.616,62.481,63.048,155
2014-10-08,63.899,63.899,61.914,61.922,1423
2014-10-09,62.471,62.613,62.197,62.197,254
2014-10-10,63.814,63.814,61.271,61.583,296
2014-10-13,64.154,64.154,60.326,60.496,596
2014-10-14,60.024,60.77,59.645,60.4,706
2014-10-15,61.442,61.442,58.227,60.014,547
2014-10-16,59.541,59.541,58.01,59.079,696
2014-10-17,59.371,60.326,59.371,60.326,417
2014-10-20,61.3,61.3,60.279,60.486,576
2014-10-21,60.4,61.914,60.4,61.914,886
2014-10-22,62.103,62.859,62.103,62.859,196
2014-10-23,63.709,63.709,62.312,63.01,118
2014-10-24,63.01,63.088,62.68,63.088,483
2014-10-27,63.332,63.398,63.095,63.095,239
2014-10-28,61.442,63.418,61.442,63.418,136
2014-10-29,63.323,63.889,63.313,63.889,211
2014-10-30,63.606,64.259,63.606,64.259,93
2014-10-31,64.93,65.458,64.93,65.138,259
2014-11-03,65.223,66.054,65.223,65.978,1446
2014-11-04,67.113,67.113,65.696,65.696,557
2014-11-05,65.602,66.367,65.602,66.168,3039
2014-11-06,66.64,66.64,66.026,66.64,246
2014-11-07,67.264,67.349,66.64,67.113,204
2014-11-10,69.003,69.003,66.545,66.953,193
2014-11-12,67.113,67.113,66.328,66.696,4216
2014-11-13,69.003,69.003,67.113,67.311,536
2014-11-14,67.585,67.585,66.924,67.055,278
2014-11-17,67.113,67.113,66.696,67.094,245
2014-11-18,66.234,66.934,65.223,66.934,1272
2014-11-19,67.113,67.113,66.744,66.744,79
2014-11-20,66.452,66.452,66.073,66.452,1024
2014-11-21,66.593,68.078,66.593,67.896,350
2014-11-24,68.059,68.059,67.33,67.821,284
2014-11-25,68.482,68.482,67.34,67.34,931
2014-11-26,69.003,69.003,67.028,67.028,477
2014-11-27,68.532,68.532,67.359,67.424,110
2014-11-28,69.003,69.003,67.303,67.481,130
2014-12-01,68.993,68.993,66.687,66.687,394
2014-12-02,68.512,68.512,66.224,67.198,420
2014-12-03,68.059,68.059,67.511,67.775,390
2014-12-04,67.68,68.078,67.01,67.01,988
2014-12-05,68.721,69.939,67.208,68.257,762
2014-12-08,69.003,69.003,68.134,68.181,210
2014-12-09,68.957,68.957,66.168,66.413,1672
2014-12-10,68.856,68.856,66.517,66.566,1994
2014-12-11,66.613,67.269,65.986,67.269,1538
2014-12-12,67.306,67.306,65.692,65.692,648
2014-12-15,66.517,66.517,64.959,65.226,458
2014-12-16,63.667,65.206,62.812,65.092,1047
2014-12-17,66.376,66.376,65.092,65.738,743
2014-12-18,68.419,68.647,67.345,68.599,943
2014-12-19,68.647,70.091,68.647,69.929,624
2014-12-22,70.32,70.32,69.578,70.28,786
2014-12-23,70.32,71.287,69.891,71.259,6790
2014-12-29,74.567,74.567,70.851,71.507,4840
2014-12-30,71.269,71.83,70.689,71.373,1628
2015-01-02,71.907,71.934,71.65,71.934,7555
2015-01-05,71.801,73.169,71.126,71.165,1326
2015-01-07,70.832,71.706,70.832,71.659,2684
2015-01-08,71.659,72.6,71.659,72.581,1162
2015-01-09,72.608,72.781,71.516,71.725,2493
2015-01-12,71.659,72.419,71.251,71.669,1625
2015-01-13,71.412,72.903,69.369,72.686,692
2015-01-14,71.307,71.706,69.92,70.576,7188
2015-01-15,70.68,72.41,70.68,72.41,800
2015-01-16,71.934,73.027,71.09,72.885,1536
2015-01-19,73.169,73.227,72.694,73.198,4549
2015-01-20,73.549,73.844,73.151,73.179,747
2015-01-21,73.645,73.645,72.172,72.799,1509
2015-01-22,72.885,74.5,72.817,74.5,453
2015-01-23,75.166,76.068,74.775,74.785,1079
2015-01-26,74.757,74.974,74.234,74.785,692
2015-01-27,74.879,74.879,72.799,73.237,1432
2015-01-28,76.382,76.382,73.626,73.835,158
2015-01-29,73.351,73.351,71.251,72.067,5717
2015-01-30,73.132,73.132,72.126,72.505,558
2015-02-02,71.83,71.934,70.89,71.477,2483
2015-02-03,72.22,72.913,72.126,72.371,2097
2015-02-04,72.694,73.408,71.868,72.533,424
2015-02-05,72.6,72.885,72.6,72.885,93
2015-02-06,73.198,73.825,72.505,73.645,446
2015-02-09,73.142,73.645,73.142,73.36,185
2015-02-10,73.73,74.319,73.73,73.977,5948
2015-02-11,74.69,75.069,74.5,75.069,208
2015-02-12,74.834,75.972,74.168,74.5,833
2015-02-13,74.319,74.804,73.778,74.804,1822
2015-02-16,74.605,74.834,74.605,74.728,710
2015-02-17,74.889,75.043,74.719,74.899,620
2015-02-18,74.757,75.213,74.7,75.069,552
2015-02-19,74.632,74.86,74.405,74.775,108
2015-02-20,75.043,75.517,74.824,74.939,852
2015-02-23,75.489,75.802,75.422,75.545,277
2015-02-24,75.916,75.916,75.451,75.584,450
2015-02-25,75.431,75.545,75.069,75.422,121
2015-02-26,75.412,76.021,75.307,76.021,737
2015-02-27,76.021,76.314,75.441,76.191,569
2015-03-02,76.334,76.334,75.906,76.021,460
2015-03-03,76.468,76.781,76.305,76.305,9264
2015-03-04,76.63,76.742,76.021,76.382,529
2015-03-05,76.59,76.705,76.382,76.61,497
2015-03-06,76.686,77.617,76.495,77.485,1053
2015-03-09,76.021,76.932,75.84,76.781,1356
2015-03-10,77.19,77.845,76.59,77.845,9296
2015-03-11,77.742,77.921,77.209,77.921,1133
2015-03-12,77.426,78.168,77.237,78.168,849
2015-03-13,78.871,79.346,78.245,78.681,9905
2015-03-16,78.814,79.052,77.902,79.052,1852
2015-03-17,78.89,79.186,78.262,78.919,2805
2015-03-18,79.062,79.062,78.492,78.492,512
2015-03-19,80.772,80.772,78.681,79.109,979
2015-03-20,79.013,79.117,78.322,79.117,798
2015-03-23,78.871,78.871,76.896,77.475,816
2015-03-24,76.962,77.38,70.604,77.228,9903
2015-03-25,77.921,77.921,75.069,75.451,1179
2015-03-26,73.683,74.939,73.549,74.69,1500
2015-03-27,78.634,78.634,75.261,75.802,536
2015-03-30,76.021,76.639,76.021,76.163,318
2015-03-31,76.923,77.313,76.676,76.896,1863
2015-04-01,75.926,76.305,75.489,75.935,962
2015-04-02,75.384,75.499,74.974,75.317,636
2015-04-07,75.679,76.021,75.545,75.84,6876
2015-04-08,75.489,75.489,74.424,75.469,6738
2015-04-09,75.517,76.972,75.356,76.972,7270
2015-04-10,76.972,77.561,76.972,77.104,4969
2015-04-13,77.104,77.921,77.104,77.826,1362
2015-04-14,77.826,77.826,76.334,76.62,499
2015-04-15,76.62,77.873,76.581,77.797,10965
2015-04-16,77.39,77.39,76.761,77.265,1293
2015-04-17,76.751,76.751,75.489,75.802,1770
2015-04-20,75.802,76.211,75.639,75.639,605
2015-04-21,76.63,76.791,75.649,76.495,18005
2015-04-22,76.106,76.495,75.194,76.495,5881
2015-04-23,76.495,76.495,75.935,76.211,216
2015-04-24,76.201,76.449,76.021,76.449,1495
2015-04-27,76.61,76.61,75.906,75.906,420
2015-04-28,75.669,75.811,74.939,75.069,760
2015-04-29,75.014,75.079,73.607,73.825,5939
2015-04-30,73.93,73.93,73.046,73.912,1450
2015-05-04,74.129,74.929,74.129,74.719,858
2015-05-05,75.069,75.069,73.93,74.244,1033
2015-05-06,73.616,74.044,72.553,72.647,698
2015-05-07,72.562,73.169,71.745,73.169,1900
2015-05-08,73.208,74.681,73.208,74.681,2665
2015-05-11,74.948,75.069,74.948,75.069,569
2015-05-12,75.261,75.261,74.12,74.7,342
2015-05-13,74.737,74.737,73.835,74.007,261
2015-05-14,73.949,73.949,73.626,73.626,100
2015-05-15,73.958,74.204,73.579,73.579,129
2015-05-18,73.388,74.12,73.303,74.12,328
2015-05-19,74.69,75.735,74.69,75.639,291
2015-05-20,75.811,76.021,75.545,76.021,609
2015-05-21,76.021,76.656,75.489,76.4,6972
2015-05-22,76.495,77.597,76.021,77.597,1001
2015-05-25,77.597,77.921,76.021,77.921,178
2015-05-26,77.95,78.834,77.95,78.387,6443
2015-05-27,78.262,78.492,78.197,78.492,1677
2015-05-28,78.416,78.577,77.921,78.482,5988
2015-05-29,78.33,78.33,76.972,77.475,5968
2015-06-01,78.302,78.302,77.826,77.826,168
2015-06-02,77.742,77.751,76.021,76.391,733
2015-06-03,76.6,76.952,76.021,76.021,2009
2015-06-05,75.926,76.116,75.735,76.116,697
2015-06-08,76.305,76.305,75.926,75.926,1043
2015-06-09,75.232,75.604,74.453,75.604,2393
2015-06-10,75.213,75.213,74.596,75.024,140
2015-06-11,75.744,76.229,75.146,76.086,641
2015-06-12,75.935,76.249,75.83,75.83,135
2015-06-15,75.659,75.659,75.166,75.166,57
2015-06-16,74.909,75.024,74.204,74.879,495
2015-06-17,75.784,76.031,75.261,76.031,73
2015-06-18,75.375,75.964,74.453,75.964,171
2015-06-19,76.011,76.781,76.011,76.354,502
2015-06-22,76.305,76.505,75.679,76.505,616
2015-06-23,77.921,77.921,76.828,77.37,397
2015-06-24,76.972,77.617,76.972,77.617,66
2015-06-25,77.067,77.37,76.972,76.972,59
2015-06-26,76.751,77.245,76.686,77.245,169
2015-06-29,78.871,78.871,76.495,76.771,2222
2015-06-30,75.375,76.182,75.375,76.116,373
2015-07-01,75.945,76.876,75.945,76.791,222
2015-07-02,76.972,76.972,76.876,76.876,260
2015-07-03,76.932,76.932,76.22,76.781,226
2015-07-06,76.972,76.972,76.135,76.972,1452
2015-07-07,77.303,77.917,77.303,77.446,773
2015-07-08,76.889,77.85,76.139,77.465,918
2015-07-09,76.889,77.562,76.889,77.321,1302
2015-07-10,76.889,76.889,75.784,75.87,1792
2015-07-13,75.87,77.273,75.87,77.273,350
2015-07-14,77.369,77.552,76.667,77.552,327
2015-07-15,77.533,78.042,77.533,78.042,295
2015-07-16,78.33,78.474,78.234,78.474,3264
2015-07-17,78.428,78.474,78.428,78.474,142
2015-07-20,78.523,79.446,78.474,79.187,1138
2015-07-21,79.628,79.628,78.215,78.724,688
2015-07-22,78.262,78.262,77.408,78.138,370
2015-07-23,78.378,78.378,77.85,77.85,299
2015-07-24,77.685,77.685,77.369,77.369,42
2015-07-27,77.081,77.081,74.833,75.611,1285
2015-07-28,75.725,76.024,75.725,75.841,81
2015-07-29,76.821,77.129,76.793,77.014,193
2015-07-30,77.283,78.012,77.283,78.012,285
2015-07-31,78.435,78.514,77.581,77.609,6316
2015-08-03,77.936,77.936,77.177,77.705,891
2015-08-04,77.791,78.071,77.589,78.071,408
2015-08-05,78.099,79.147,78.042,79.147,662
2015-08-06,78.619,79.147,78.523,78.523,562
2015-08-07,78.282,78.282,78.282,78.282,159
2015-08-10,78.128,78.801,77.389,78.801,110
2015-08-11,78.196,78.322,77.763,78.012,138
2015-08-12,77.042,77.042,75.523,75.523,781
2015-08-13,76.84,77.562,76.696,76.696,83
2015-08-14,76.889,76.927,76.552,76.793,199
2015-08-17,76.408,77.052,75.292,75.292,128
2015-08-18,77.562,77.562,77.369,77.542,704
2015-08-19,77.552,77.552,77.369,77.369,36
2015-08-20,76.696,76.696,75.351,75.542,352
2015-08-21,74.083,74.083,72.919,72.919,1660
2015-08-24,69.68,70.056,62.771,69.2,5645
2015-08-25,68.21,70.305,68.21,70.132,7418
2015-08-26,68.614,70.343,68.228,69.489,6139
2015-08-27,70.257,74.006,70.257,73.035,11674
2015-08-28,73.39,73.4,72.4,73.4,1213
2015-08-31,73.141,73.332,72.707,73.227,481
2015-09-01,71.641,71.641,70.689,70.93,11010
2015-09-02,71.766,71.881,71.122,71.228,459
2015-09-03,71.641,73.264,71.641,73.264,5418
2015-09-04,72.371,72.371,71.17,71.17,5674
2015-09-07,71.881,72.123,71.881,72.093,181
2015-09-08,72.938,72.938,72.66,72.66,195
2015-09-09,73.419,73.89,73.044,73.141,5304
2015-09-10,71.66,73.91,71.074,71.833,5459
2015-09-11,71.555,71.555,70.93,70.93,25
2015-09-14,71.41,71.891,71.41,71.602,185
2015-09-15,71.708,71.708,71.122,71.545,132
2015-09-16,72.017,72.746,72.017,72.371,373
2015-09-17,73.044,73.044,72.468,72.468,186
2015-09-18,72.199,72.199,70.93,71.506,11633
2015-09-21,71.506,71.911,70.978,71.911,3151
2015-09-22,72.535,72.535,71.074,71.074,5285
2015-09-23,71.363,72.083,71.363,71.612,923
2015-09-24,71.602,71.602,70.737,70.901,105
2015-09-25,72.083,72.862,72.083,72.486,50
2015-09-28,70.449,72.103,70.449,71.266,178
2015-09-29,69.218,70.362,69.218,69.863,294
2015-09-30,70.872,71.122,70.382,71.122,917
2015-10-01,72.535,72.583,71.41,71.41,183
2015-10-02,71.727,72.4,70.161,70.998,814
2015-10-05,72.093,73.044,71.872,73.044,2821
2015-10-06,73.515,73.814,73.515,73.678,228
2015-10-07,73.678,74.206,73.044,73.237,3379
2015-10-08,73.457,73.525,72.9,73.429,12517
2015-10-09,74.486,74.486,73.698,73.717,100
2015-10-12,74.486,74.486,73.573,73.573,218
2015-10-13,73.573,73.736,73.553,73.736,147
2015-10-14,73.168,73.237,72.756,72.756,92
2015-10-15,74.006,74.006,73.044,73.044,33
2015-10-16,74.006,74.553,74.006,74.371,256
2015-10-19,74.294,74.869,74.294,74.869,175
2015-10-20,74.869,74.869,74.006,74.024,154
2015-10-21,74.639,75.715,74.639,75.111,687
2015-10-22,75.542,75.542,75.418,75.437,154
2015-10-23,77.09,78.33,77.09,77.936,684
2015-10-26,77.936,78.81,77.936,78.81,389
2015-10-27,78.81,78.81,78.33,78.734,128
2015-10-28,78.81,79.291,78.715,79.291,477
2015-10-29,79.82,80.415,79.579,80.079,8783
2015-10-30,79.772,80.205,79.137,79.137,8263
2015-11-02,78.715,79.214,78.715,78.868,260
2015-11-03,79.916,80.455,79.483,80.455,3939
2015-11-04,80.848,81.022,80.541,80.541,1212
2015-11-05,81.695,81.695,80.348,80.541,2259
2015-11-06,80.791,81.695,80.31,81.194,525
2015-11-09,81.695,81.973,81.022,81.022,1485
2015-11-10,81.041,81.214,80.291,81.214,1417
2015-11-12,80.561,80.915,79.8,79.964,696
2015-11-13,79.436,79.599,79.081,79.503,442
2015-11-16,78.657,79.339,78.022,79.339,598
2015-11-17,80.732,80.819,80.252,80.551,3036
2015-11-18,80.685,81.022,80.551,81.022,85
2015-11-19,81.358,81.983,81.358,81.819,480
2015-11-20,81.656,81.781,80.944,81.597,1713
2015-11-23,81.695,82.646,81.695,82.646,677
2015-11-24,83.319,83.319,81.55,81.791,325
2015-11-25,82.175,83.203,82.165,83.194,2219
2015-11-26,83.232,83.568,83.232,83.395,259
2015-11-27,83.058,83.395,82.656,83.04,1741
2015-11-30,83.194,83.684,82.656,83.558,1392
2015-12-01,83.383,83.383,82.423,82.878,3604
2015-12-02,83.528,84.09,83.237,83.858,300
2015-12-03,83.354,83.712,81.9,81.9,4368
2015-12-04,80.765,81.395,79.737,81.395,693
2015-12-07,81.773,82.616,81.356,81.356,6511
2015-12-08,81.56,81.56,80.445,80.445,79
2015-12-09,81.221,81.221,80.018,80.755,823
2015-12-10,85.322,85.322,79.543,80.872,359
2015-12-11,79.814,80.512,78.001,79.068,2480
2015-12-14,79.068,79.387,78.389,78.389,301
2015-12-15,78.456,80.24,78.456,80.24,620
2015-12-16,80.153,80.483,79.901,79.901,437
2015-12-17,81.074,82.908,80.066,80.387,2061
2015-12-18,79.165,79.417,78.446,78.446,9674
2015-12-21,78.03,78.379,77.526,77.575,884
2015-12-22,77.943,77.943,76.925,77.526,555
2015-12-23,77.565,79.155,77.565,79.155,414
2015-12-28,82.374,82.374,78.466,78.631,1570
2015-12-29,78.884,79.494,78.884,79.407,855
2015-12-30,79.514,79.708,78.059,79.514,530
2016-01-04,82.423,82.423,77.575,78.446,5910
2016-01-05,82.413,82.413,78.932,79.591,334
2016-01-07,82.365,82.365,76.459,77.526,1661
2016-01-08,78.544,78.544,76.682,76.992,610
2016-01-11,76.178,76.363,75.634,75.858,1407
2016-01-12,76.033,77.341,75.878,77.197,1278
2016-01-13,77.089,77.575,76.605,76.605,372
2016-01-14,75.15,76.547,74.162,76.547,606
2016-01-15,76.42,76.42,73.823,74.888,501
2016-01-18,73.823,77.089,73.823,76.343,1723
2016-01-19,77.322,77.488,76.343,76.343,298
2016-01-20,74.462,74.908,74.209,74.636,605
2016-01-21,75.053,77.002,75.005,77.002,629
2016-01-22,77.002,77.264,76.992,77.264,142
2016-01-25,77.089,77.526,76.818,77.428,558
2016-01-26,76.304,76.992,75.732,76.992,799
2016-01-27,76.992,77.274,76.992,77.274,47
2016-01-28,77.575,77.575,75.799,76.013,7245
2016-01-29,76.023,77.4,76.023,77.341,211
2016-02-01,77.575,77.575,76.527,76.527,129
2016-02-02,76.964,76.964,76.313,76.313,259
2016-02-03,76.508,76.508,74.375,74.423,856
2016-02-04,75.15,75.15,74.18,74.259,2070
2016-02-05,74.743,74.898,74.18,74.482,249
2016-02-08,74.482,74.482,72.581,73.696,369
2016-02-09,73.017,73.017,70.787,70.787,2022
2016-02-10,73.676,73.676,71.688,72.726,1383
2016-02-11,75.624,75.624,69.817,70.302,373
2016-02-12,70.728,71.756,70.728,71.756,1159
2016-02-15,73.153,73.967,73.104,73.967,191
2016-02-16,73.696,73.89,73.696,73.773,83
2016-02-17,74.064,74.666,73.9,74.666,83
2016-02-18,75.634,75.634,75.15,75.15,275
2016-02-19,75.15,75.431,74.578,74.578,169
2016-02-22,75.237,76.11,74.955,76.11,73
2016-02-23,75.858,76.391,75.412,76.391,546
2016-02-24,75.896,75.896,74.666,74.666,124
2016-02-25,75.48,76.169,75.48,75.684,260
2016-02-26,77.468,77.468,76.605,77.41,351
2016-02-29,76.488,77.089,76.1,76.672,326
2016-03-01,76.779,76.779,76.779,76.779,173
2016-03-02,77.71,78.446,77.71,78.156,280
2016-03-03,78.534,78.534,77.866,77.866,139
2016-03-04,78.331,78.389,77.817,77.817,232
2016-03-07,77.943,78.147,77.575,77.575,307
2016-03-08,78.544,78.544,76.74,76.74,1082
2016-03-09,76.605,77.759,76.605,77.381,227
2016-03-10,77.768,78.544,77.322,78.544,1269
2016-03-11,77.468,77.7,76.896,76.896,2707
2016-03-14,77.448,77.448,76.847,77.341,3167
2016-03-15,77.08,77.08,77.08,77.08,67
2016-03-16,78.544,78.544,77.187,77.7,10407
2016-03-17,76.847,76.847,74.666,76.575,5380
2016-03-18,76.575,76.905,76.565,76.605,91
2016-03-21,76.809,76.905,76.809,76.905,14
2016-03-22,77.187,77.284,76.896,76.896,123
2016-03-23,77.545,77.545,77.331,77.331,72
2016-03-24,75.179,77.148,75.15,77.128,5578
2016-03-29,77.157,77.167,76.169,76.702,289
2016-03-30,76.847,77.089,76.527,76.527,10686
2016-03-31,76.605,77.041,76.556,76.605,240
2016-04-01,76.178,76.178,75.053,75.741,620
2016-04-04,77.089,77.128,76.915,76.944,199
2016-04-05,76.537,76.537,76.12,76.304,70
2016-04-06,76.595,76.652,76.295,76.295,1545
2016-04-07,77.312,77.312,76.313,76.759,2309
2016-04-08,76.644,77.197,76.644,77.197,436
2016-04-11,76.702,76.866,76.149,76.42,227
2016-04-12,76.236,76.749,75.664,76.749,508
2016-04-13,77.312,78.137,77.312,78.137,264
2016-04-14,78.369,79.048,78.369,78.544,5609
2016-04-15,79.213,79.213,78.359,78.738,72
2016-04-18,78.349,78.466,77.904,78.466,392
2016-04-19,79.359,79.465,79.028,79.097,8101
2016-04-20,79.504,79.504,78.544,79.028,2729
2016-04-21,78.855,79.504,78.855,79.272,80
2016-04-22,79.95,80.338,79.659,79.901,266
2016-04-25,81.444,81.444,80.483,80.775,200
2016-04-26,80.949,80.949,80.678,80.678,112
2016-04-27,80.775,80.959,79.911,80.639,344
2016-04-28,80.678,80.678,80.086,80.387,57
2016-04-29,79.514,79.931,78.234,78.234,10725
2016-05-02,78.544,78.631,78.302,78.389,310
2016-05-04,78.641,78.641,77.671,78.292,2790
2016-05-05,78.544,79.32,78.544,79.32,80
2016-05-06,79.32,79.32,78.369,78.369,1021
2016-05-09,78.912,79.844,78.912,79.387,8518
2016-05-10,80.213,80.27,79.571,80.213,2155
2016-05-11,80.959,80.959,80.415,80.425,334
2016-05-12,79.931,80.338,79.514,79.514,245
2016-05-13,79.514,79.804,78.738,79.804,10330
2016-05-16,79.115,79.115,78.117,78.117,392
2016-05-17,79.31,79.31,78.835,78.981,91
2016-05-18,80.959,80.959,79.32,79.32,269
2016-05-19,79.727,79.756,79.028,79.028,229
2016-05-20,80.328,80.328,79.999,80.24,111
2016-05-23,80.406,80.696,80.406,80.696,14
2016-05-24,80.959,82.219,80.959,82.199,1862
2016-05-25,81.628,82.413,81.628,82.413,653
2016-05-27,82.229,82.229,81.531,81.84,200
2016-05-30,82.413,82.888,82.103,82.423,695
2016-05-31,82.694,82.694,81.803,82.346,503
2016-06-01,82.5,82.5,81.501,81.937,415
2016-06-02,81.937,81.937,81.444,81.463,998
2016-06-03,82.656,82.656,80.474,80.58,820
2016-06-06,80.58,81.007,80.483,80.891,92
2016-06-07,80.901,80.978,80.387,80.803,254
2016-06-08,80.648,80.648,80.086,80.086,662
2016-06-09,80.116,80.503,79.95,80.037,437
2016-06-10,80.872,81.026,80.222,80.872,169
2016-06-13,80.406,80.629,80.406,80.629,2774
2016-06-14,80.949,81.831,80.949,81.831,406
2016-06-15,81.705,81.84,81.453,81.696,151
2016-06-16,81.104,82.054,81.104,82.007,1944
2016-06-17,81.927,81.927,81.744,81.744,113
2016-06-20,81.162,81.231,80.872,81.181,197
2016-06-21,80.832,82.423,80.493,81.453,927
2016-06-22,81.636,81.636,80.253,80.293,190
2016-06-23,80.862,81.009,80.862,80.891,687
2016-06-24,80.872,80.891,77.576,80.891,662
2016-06-27,82.411,82.411,81.94,82.284,76
2016-06-28,81.283,81.283,80.303,80.97,619
2016-06-29,81.686,81.794,81.401,81.794,159
2016-06-30,81.94,82.421,81.842,82.421,431
2016-07-01,82.421,83.324,82.421,83.324,117
2016-07-04,83.392,84.02,83.392,83.795,467
2016-07-05,83.863,83.863,82.696,83.412,1829
2016-07-06,83.617,83.883,83.078,83.461,146
2016-07-07,83.481,84.304,83.363,84.206,782
2016-07-08,84.206,84.206,83.981,84.196,277
2016-07-11,85.314,85.599,84.853,85.04,9457
2016-07-12,85.187,85.658,84.589,85.53,8942
2016-07-13,85.825,85.845,84.952,85.334,1293
2016-07-14,85.971,86.168,85.815,86.021,5701
2016-07-15,85.668,86.217,85.53,86.217,325
2016-07-18,86.315,86.344,85.629,85.766,5987
2016-07-19,85.53,85.697,85.422,85.422,169
2016-07-20,85.746,86.492,85.687,86.237,15403
2016-07-21,86.158,86.217,85.148,85.148,15628
2016-07-22,85.727,85.775,85.53,85.53,171
2016-07-25,85.864,86.354,85.334,85.374,15723
2016-07-26,85.462,86.07,85.384,85.805,289
2016-07-27,85.825,86.502,85.825,86.502,241
2016-07-28,85.638,85.638,84.589,85.03,10565
2016-07-29,86.315,86.315,84.647,84.727,266
2016-08-01,87.296,89.062,84.275,84.893,2108
2016-08-02,84.108,84.108,82.627,82.627,826
2016-08-03,83.284,83.363,82.627,83.03,2161
2016-08-04,88.041,88.041,83.373,83.471,366
2016-08-05,87.953,87.953,83.274,83.274,165
2016-08-08,84.55,84.707,83.961,84.256,359
2016-08-09,84.148,84.176,83.294,84.04,709
2016-08-10,83.617,83.647,83.078,83.363,306
2016-08-11,82.784,83.5,82.784,83.471,118
2016-08-12,83.716,83.745,83.058,83.058,351
2016-08-16,87.257,87.257,82.038,82.823,541
2016-08-17,82.774,83.176,82.363,83.068,414
2016-08-18,82.293,82.902,82.293,82.391,337
2016-08-19,82.862,83.01,82.862,82.882,274
2016-08-22,82.912,83.373,82.255,83.373,169
2016-08-23,83.324,83.431,82.637,83.373,349
2016-08-24,83.617,83.617,83.373,83.373,98
2016-08-25,82.255,82.686,82.255,82.686,136
2016-08-26,83.627,83.627,82.932,83.569,404
2016-08-29,83.569,84.158,83.569,84.158,2024
2016-08-30,84.354,84.55,84.354,84.402,72
2016-08-31,85.138,85.334,84.638,85.334,702
2016-09-01,85.334,85.55,84.745,84.745,252
2016-09-02,84.873,84.883,84.452,84.687,195
2016-09-05,84.55,85.432,84.55,85.304,218
2016-09-06,85.06,85.06,84.354,84.402,310
2016-09-07,84.344,84.422,84.138,84.256,130
2016-09-08,84.138,84.236,83.373,83.373,248
2016-09-09,83.843,83.892,83.186,83.853,642
2016-09-12,81.676,83.138,80.95,83.118,1372
2016-09-13,83.118,83.373,82.391,82.391,135
2016-09-14,82.382,82.892,82.382,82.391,265
2016-09-15,82.303,82.303,81.754,81.872,93
2016-09-16,82.509,82.872,82,82,268
2016-09-19,82.549,83.157,82.441,82.853,613
2016-09-20,82.539,82.951,82.196,82.293,17222
2016-09-21,83.118,83.235,83.118,83.157,273
2016-09-22,82.764,83.118,82.764,83.088,375
2016-09-23,82.657,83.549,82.657,83.549,99
2016-09-26,83.226,83.226,82.205,82.755,158
2016-09-27,82.764,82.764,82.471,82.489,89
2016-09-28,82.401,83.245,82.401,83.068,751
2016-09-29,82.912,83.373,82.892,83.226,51
2016-09-30,83.098,83.804,83.098,83.804,265
2016-10-03,83.255,83.304,82.932,82.932,149
2016-10-04,83.647,83.824,83.128,83.481,258
2016-10-05,83.01,83.138,82.391,82.391,351
2016-10-06,82.745,83.216,82.745,83.128,43
2016-10-07,83.128,83.392,82.794,82.97,1565
2016-10-10,83.235,83.235,82.872,83.176,277
2016-10-11,83.392,83.392,83.373,83.373,88
2016-10-12,83.373,83.725,83.304,83.725,574
2016-10-13,83.549,83.569,82.696,83.058,501
2016-10-14,82.833,83.863,82.833,83.863,84
2016-10-17,83.863,83.863,83.863,83.863,323
2016-10-18,84.216,84.284,84.216,84.216,465
2016-10-19,84.422,84.667,84.422,84.667,71
2016-10-20,84.422,84.647,84.383,84.647,211
2016-10-21,84.647,84.942,84.647,84.942,309
2016-10-24,85.138,85.334,85.138,85.334,268
2016-10-25,85.815,85.815,85.589,85.629,250
2016-10-26,85.236,85.236,84.53,84.863,452
2016-10-27,85.619,85.619,85.374,85.374,170
2016-10-28,84.863,85.207,84.736,85.207,579
2016-10-31,84.853,84.853,84.05,84.619,413
2016-11-02,85.697,85.697,81.636,81.852,970
2016-11-03,82,82.176,82,82.166,304
2016-11-04,81.882,81.882,81.558,81.558,392
2016-11-07,83.108,83.373,83.078,83.284,644
2016-11-08,83.412,84.088,83.383,83.745,379
2016-11-09,80.469,84.354,80.469,84.354,3034
2016-11-10,86.266,87.59,86.266,87.325,1665
2016-11-14,89.435,89.503,88.826,89.454,1264
2016-11-15,89.257,90.229,88.66,90.082,16459
2016-11-16,90.729,90.964,90.248,90.435,9518
2016-11-17,90.896,90.896,90.523,90.847,1518
2016-11-18,91.857,92.318,91.808,91.817,5422
2016-11-21,91.709,91.985,91.052,91.808,451
2016-11-22,91.906,92.406,91.906,91.906,5570
2016-11-23,91.416,93.21,91.416,93.21,10767
2016-11-24,93.466,93.476,92.2,92.288,861
2016-11-25,92.2,92.72,91.719,91.798,5290
2016-11-28,92.2,93.044,91.709,93.015,5256
2016-11-29,92.671,93.054,92.671,92.829,95
2016-11-30,92.985,93.672,92.701,93.279,1431
2016-12-01,92.799,93.486,92.25,93.299,5286
2016-12-02,94.162,94.162,92.691,93.073,227
2016-12-05,93.181,93.74,92.632,92.632,968
2016-12-06,92.877,93.005,92.2,92.2,379
2016-12-07,92.24,92.494,91.563,91.808,7034
2016-12-08,92.328,95.467,92.328,95.467,244
2016-12-09,94.986,95.437,94.045,95.437,898
2016-12-12,95.634,95.928,94.947,95.634,11447
2016-12-13,95.287,95.634,95.287,95.584,218
2016-12-14,95.386,95.881,94.664,94.664,5549
2016-12-15,96.712,97.326,95.98,97.326,357
2016-12-16,97.118,97.118,95.782,95.96,10792
2016-12-19,96.584,96.584,96.267,96.465,350
2016-12-20,96.722,97.227,96.396,96.871,3625
2016-12-21,97.108,97.355,96.574,96.574,556
2016-12-22,96.504,96.584,95.693,96.227,1061
2016-12-23,96.683,96.683,95.485,95.495,5808
2016-12-27,96.247,96.633,95.515,96.633,599
2016-12-28,96.524,97.346,96.524,96.97,5640
2016-12-29,95.762,96.079,95.218,95.525,6320
2016-12-30,95.772,95.772,94.001,94.001,6002
2017-01-02,98.939,98.939,96.97,96.97,193
2017-01-03,95.871,96.584,95.09,96.079,423
2017-01-04,96.069,96.109,94.793,95.475,6077
2017-01-05,94.941,95.515,94.219,94.783,16070
2017-01-09,95.416,95.723,95.188,95.287,10375
2017-01-10,94.862,94.862,94.446,94.506,868
2017-01-11,94.921,95.861,94.773,95.861,254
2017-01-12,94.278,94.278,93.506,93.506,482
2017-01-13,93.675,94.981,93.506,94.981,5962
2017-01-16,94.644,94.921,94.09,94.615,576
2017-01-17,94.149,94.149,93.012,93.704,397
2017-01-18,93.863,93.863,93.012,93.536,683
2017-01-19,94.159,94.535,94.031,94.535,297
2017-01-20,93.793,93.902,93.071,93.902,10144
2017-01-23,93.101,93.407,93.012,93.012,430
2017-01-24,93.012,93.308,92.517,92.556,341
2017-01-25,93.328,94.001,92.883,94.001,3173
2017-01-26,93.655,94.001,93.655,94.001,276
2017-01-27,94.605,94.605,93.219,93.219,7172
2017-01-30,93.773,94.06,93.012,93.012,820
2017-01-31,92.566,93.328,91.804,91.804,2496
2017-02-01,92.626,92.626,92.081,92.081,380
2017-02-02,91.607,91.735,90.884,91.527,19746
2017-02-03,92.022,92.022,91.705,92.022,516
2017-02-06,92.843,92.863,92.438,92.517,616
2017-02-07,92.824,93.704,92.418,93.407,410
2017-02-08,93.734,93.803,93.012,93.012,84
2017-02-09,93.061,93.863,93.061,93.863,1328
2017-02-10,94.743,94.743,94.001,94.248,420
2017-02-13,94.902,94.991,94.733,94.991,164
2017-02-14,95.762,95.762,95.386,95.673,13073
2017-02-15,96.475,96.603,96.425,96.475,6521
2017-02-16,96.712,96.712,95.98,96.218,270
2017-02-17,96.138,96.475,96.138,96.336,7147
2017-02-20,96.97,97.158,96.89,96.92,709
2017-02-21,97.237,97.692,97.227,97.474,9271
2017-02-22,97.761,97.761,96.9,97.662,600
2017-02-23,96.97,97.652,96.791,97.068,573
2017-02-24,97.207,97.247,96.03,96.97,809
2017-02-27,97.761,97.761,97.167,97.395,386
2017-02-28,97.722,97.761,96.97,96.97,658
2017-03-01,97.761,98.711,97.563,98.444,794
2017-03-02,98.543,99.038,98.503,98.879,5723
2017-03-03,98.454,98.652,97.959,98.177,534
2017-03-06,97.573,98.147,96.979,97.613,2376
2017-03-07,97.781,98.038,97.741,97.939,533
2017-03-08,97.722,97.86,97.464,97.662,299
2017-03-09,97.959,97.999,97.158,97.266,171
2017-03-10,98.157,98.226,97.86,97.86,2372
2017-03-13,98.948,98.948,97.444,97.949,223
2017-03-14,98.078,98.078,97.167,97.435,2982
2017-03-15,97.652,97.83,97.642,97.642,4287
2017-03-16,97.375,97.642,95.98,95.98,2873
2017-03-17,95.98,96.574,95.792,95.98,13536
2017-03-20,95.188,95.98,95.159,95.931,12058
2017-03-21,95.614,95.614,93.754,94.496,26277
2017-03-22,94.021,94.021,93.506,94.001,783
2017-03-23,94.1,94.674,94.031,94.486,345
2017-03-24,94.258,94.357,93.902,94.347,397
2017-03-27,95.861,95.861,91.646,91.646,911
2017-03-28,93.229,93.308,92.517,92.655,579
2017-03-29,93.269,94.169,93.269,94.169,9697
2017-03-30,94.377,94.377,93.477,94.021,20578
2017-03-31,94.892,95.218,94.615,95.218,5305
2017-04-03,95.179,96.871,94.496,95,1648
2017-04-04,95.258,95.574,95.218,95.347,230
2017-04-05,95.218,95.663,94.991,95.663,5385
2017-04-06,94.664,94.832,94.496,94.822,584
2017-04-07,95.01,95.238,94.209,95.238,5424
2017-04-10,95.584,95.861,95.238,95.861,152
2017-04-11,95.713,95.743,94.931,94.951,559
2017-04-12,95.02,95.367,94.961,95.367,41
2017-04-13,95.98,95.98,94.06,94.941,6380
2017-04-18,94.872,94.872,93.289,94.13,19804
2017-04-19,94.07,94.684,93.249,94.575,10253
2017-04-20,94.169,94.169,93.585,93.585,51
2017-04-21,94.763,95.654,94.763,95.475,410
2017-04-24,94.783,94.783,93.526,94.169,1241
2017-04-25,94.08,94.09,93.813,93.813,487
2017-04-26,93.813,94.248,93.605,94.189,294
2017-04-27,93.922,94.298,93.744,94.13,505
2017-04-28,93.961,95.98,93.714,93.902,666
2017-05-02,93.942,93.981,93.506,93.635,387
2017-05-04,93.882,93.882,93.605,93.605,281
2017-05-05,93.407,93.477,92.814,93.012,617
2017-05-08,93.012,93.694,93.012,93.506,365
2017-05-09,94.545,94.812,94.357,94.684,140
2017-05-10,94.516,94.516,93.704,94.516,474
2017-05-11,94.298,94.575,93.536,94.1,390
2017-05-12,94.367,94.496,93.853,93.902,777
2017-05-15,93.526,93.605,93.012,93.427,576
2017-05-16,92.923,92.923,92.022,92.606,582
2017-05-17,91.31,91.844,90.518,90.518,1310
2017-05-18,91.033,94.001,90.132,91.221,10914
2017-05-19,91.082,91.082,89.845,90.32,4879
2017-05-22,90.37,91.033,90.251,90.607,6797
2017-05-23,91.052,91.349,90.993,91.32,553
2017-05-24,91.607,91.696,91.389,91.389,295
2017-05-25,91.359,91.389,91.033,91.033,405
2017-05-26,91.033,92.012,91.033,92.012,47
2017-05-29,92.022,92.141,91.884,92.121,375
2017-05-30,92.329,92.329,91.141,91.527,616
2017-05-31,91.745,91.745,91.033,91.033,681
2017-06-01,91.359,91.874,91.359,91.874,168
2017-06-02,91.893,94.051,91.725,91.725,634
2017-06-05,92.843,92.843,91.963,92.022,456
2017-06-06,92.022,92.349,91.458,92.21,716
2017-06-07,92.111,92.359,92.022,92.359,801
2017-06-08,92.665,92.814,92.665,92.794,141
2017-06-09,92.794,93.031,92.794,93.012,1275
2017-06-12,92.279,92.349,91.755,91.755,379
2017-06-13,92.784,92.883,92.665,92.883,47
2017-06-14,92.25,93.219,92.25,92.368,131
2017-06-16,94.08,94.08,92.517,92.517,458
2017-06-19,93.487,93.655,92.695,93.477,168
2017-06-20,93.704,95.04,93.645,93.645,10503
2017-06-21,94.595,94.605,94.545,94.545,582
2017-06-22,94.595,94.595,94.001,94.397,54
2017-06-23,94.149,94.149,93.694,93.694,292
2017-06-26,93.803,93.803,92.932,93.407,10195
2017-06-27,93.338,93.407,92.774,92.774,361
2017-06-28,91.824,92.566,91.527,92.319,267
2017-06-29,92.497,92.843,91.923,91.933,269
2017-06-30,91.527,91.735,91.329,91.676,425
2017-07-03,91.864,92.675,91.854,92.675,315
2017-07-04,92.279,92.814,92.052,92.814,341
2017-07-05,91.715,93.012,91.715,92.814,169
2017-07-06,92.467,92.467,91.221,91.221,685
2017-07-07,91.221,91.636,91.132,91.132,264
2017-07-10,91.983,91.983,91.26,91.983,178
2017-07-11,92.3,92.3,92.02,92.22,53
2017-07-12,90.82,91.87,90.81,91.79,698
2017-07-13,92.29,92.68,92.29,92.29,331
2017-07-14,92.31,92.31,91.23,91.9,255
2017-07-17,91.9,92,91.17,91.17,639
2017-07-18,91.56,91.56,90.64,90.75,471
2017-07-19,91,92,91,92,149
2017-07-20,92,92,91.25,91.25,754
2017-07-21,91.09,91.89,91.09,91.77,58
2017-07-24,92.23,92.23,91.15,91.9,639
2017-07-25,92.05,92.28,91.36,92.02,420
2017-07-26,92.47,92.72,91.97,92.45,8146
2017-07-27,91.89,92.27,91.43,92.12,3275
2017-07-28,91.48,92.12,90.64,92.12,5324
2017-07-31,91.57,91.69,90.58,90.58,6518
2017-08-01,91.2,91.2,90.7,91.01,169
2017-08-02,90.94,90.95,90.6,90.6,598
2017-08-03,90.66,90.66,90,90.05,237
2017-08-04,90.18,90.68,89.9,90.68,262
2017-08-07,91.18,91.18,90.45,90.7,357
2017-08-08,91,91.1,91,91.1,801
2017-08-09,90.69,91.83,90.69,91.66,584
2017-08-10,91.89,91.89,91.5,91.5,302
2017-08-11,90.62,90.89,90.08,90.47,350
2017-08-14,90.65,91.09,90.34,90.51,407
2017-08-16,93.8,93.8,91.61,91.61,138
2017-08-17,91.47,91.85,91.2,91.2,420
2017-08-18,90.26,90.47,90,90.47,337
2017-08-21,90.32,90.32,89.67,89.67,786
2017-08-22,90,90.71,90,90.66,90
2017-08-23,91.18,91.18,90.6,90.7,123
2017-08-24,90.78,90.78,89.91,90.42,336
2017-08-25,90.29,90.29,88.83,88.83,897
2017-08-28,89,89.12,88.45,88.75,465
2017-08-29,87.92,88.49,87,88,1220
2017-08-30,88.6,90,88.6,90,439
2017-08-31,90,90.54,89.41,89.9,692
2017-09-01,90.54,90.56,89.86,89.86,1347
2017-09-04,90.23,90.3,89.5,89.8,667
2017-09-05,89.98,89.98,89.18,89.5,605
2017-09-06,89.36,89.5,89.3,89.35,111
2017-09-07,89.61,89.61,88.59,89.4,335
2017-09-08,88.66,88.76,88.46,88.46,456
2017-09-11,89.4,89.79,89.06,89.79,750
2017-09-12,89.8,91.13,89.8,90.92,293
2017-09-13,90.86,91.24,90.75,91.2,1662
2017-09-14,91.95,92.04,91.51,91.51,193
2017-09-15,92,92,91,91,270
2017-09-18,91.88,92.02,91.88,91.95,113
2017-09-19,91.67,91.95,91.65,91.71,619
2017-09-20,91.53,91.6,90.71,91.5,211
2017-09-21,92.39,92.39,91.77,91.83,136
2017-09-22,91.42,91.42,90.5,90.5,373
2017-09-25,91.16,92.01,91.16,92.01,97
2017-09-26,92.41,92.91,92.4,92.5,324
2017-09-27,93,94.24,93,94.19,283
2017-09-28,94.5,94.5,93.89,93.89,497
2017-09-29,93.87,93.91,93.5,93.85,356
2017-10-02,94.56,95,94.4,95,372
2017-10-03,95,95.4,94.46,95,531
2017-10-04,95,95.09,94.6,95,174
2017-10-05,95.1,95.63,94.98,95.3,6160
2017-10-06,96.26,96.26,95.5,96.13,364
2017-10-09,96.1,96.19,95.03,95.03,6681
2017-10-10,95.24,95.24,94.45,94.88,1097
2017-10-11,94.9,94.9,94,94.39,313