Data;Kurs;Zmiana;Nazwa Tabeli
2017-10-19;3.6695;-0.10;203/A/NBP/2017
2017-10-18;3.6733;-0.17;202/A/NBP/2017
2017-10-17;3.6796;-0.32;201/A/NBP/2017
2017-10-16;3.6914;-0.04;200/A/NBP/2017
2017-10-13;3.6927;-0.58;199/A/NBP/2017
2017-10-11;3.7144;-0.43;197/A/NBP/2017
2017-10-10;3.7306;-0.63;196/A/NBP/2017
2017-10-09;3.7541;-0.07;195/A/NBP/2017
2017-10-06;3.7567;0.35;194/A/NBP/2017
2017-10-05;3.7435;-0.39;193/A/NBP/2017
2017-10-04;3.7581;-0.10;192/A/NBP/2017
2017-10-03;3.7618;-0.55;191/A/NBP/2017
2017-10-02;3.7825;0.55;190/A/NBP/2017
2017-09-29;3.7619;-0.13;189/A/NBP/2017
2017-09-28;3.7668;0.21;188/A/NBP/2017
2017-09-27;3.7588;0.59;187/A/NBP/2017
2017-09-26;3.7368;1.30;186/A/NBP/2017
2017-09-25;3.6887;0.22;185/A/NBP/2017
2017-09-22;3.6807;-0.63;184/A/NBP/2017
2017-09-21;3.7042;-0.13;183/A/NBP/2017
2017-09-20;3.7092;-0.46;182/A/NBP/2017
2017-09-19;3.7264;-0.30;181/A/NBP/2017
2017-09-18;3.7376;0.12;180/A/NBP/2017
2017-09-15;3.7332;0.34;179/A/NBP/2017
2017-09-14;3.7206;0.23;178/A/NBP/2017
2017-09-13;3.7119;-0.09;177/A/NBP/2017
2017-09-12;3.7152;-0.13;176/A/NBP/2017
2017-09-11;3.7201;0.02;175/A/NBP/2017
2017-09-08;3.7194;-0.17;174/A/NBP/2017
2017-09-07;3.7256;-0.02;173/A/NBP/2017
2017-09-06;3.7263;0.36;172/A/NBP/2017
2017-09-05;3.7128;-0.59;171/A/NBP/2017
2017-09-04;3.7350;0.58;170/A/NBP/2017
2017-09-01;3.7134;-0.13;169/A/NBP/2017
2017-08-31;3.7184;-0.38;168/A/NBP/2017
2017-08-30;3.7326;-0.22;167/A/NBP/2017
2017-08-29;3.7410;-0.24;166/A/NBP/2017
2017-08-28;3.7501;0.08;165/A/NBP/2017
2017-08-25;3.7472;-0.44;164/A/NBP/2017
2017-08-24;3.7639;0.48;163/A/NBP/2017
2017-08-23;3.7459;-0.44;162/A/NBP/2017
2017-08-22;3.7623;-0.05;161/A/NBP/2017
2017-08-21;3.7641;-0.76;160/A/NBP/2017
2017-08-18;3.7931;0.96;159/A/NBP/2017
2017-08-17;3.7569;0.44;158/A/NBP/2017
2017-08-16;3.7403;-0.42;157/A/NBP/2017
2017-08-14;3.7559;-1.10;156/A/NBP/2017
2017-08-11;3.7975;0.68;155/A/NBP/2017
2017-08-10;3.7720;0.07;154/A/NBP/2017
2017-08-09;3.7693;1.77;153/A/NBP/2017
2017-08-08;3.7036;0.05;152/A/NBP/2017
2017-08-07;3.7018;0.33;151/A/NBP/2017
2017-08-04;3.6898;-0.47;150/A/NBP/2017
2017-08-03;3.7072;-0.02;149/A/NBP/2017
2017-08-02;3.7081;-0.56;148/A/NBP/2017
2017-08-01;3.7288;-0.25;147/A/NBP/2017
2017-07-31;3.7381;-0.29;146/A/NBP/2017
2017-07-28;3.7490;-1.64;145/A/NBP/2017
2017-07-27;3.8116;-0.75;144/A/NBP/2017
2017-07-26;3.8404;-0.37;143/A/NBP/2017
2017-07-25;3.8548;0.15;142/A/NBP/2017
2017-07-24;3.8489;0.77;141/A/NBP/2017
2017-07-21;3.8195;-0.21;140/A/NBP/2017
2017-07-20;3.8276;0.05;139/A/NBP/2017
2017-07-19;3.8256;0.44;138/A/NBP/2017
2017-07-18;3.8088;-0.16;137/A/NBP/2017
2017-07-17;3.8148;-0.04;136/A/NBP/2017
2017-07-14;3.8162;-0.92;135/A/NBP/2017
2017-07-13;3.8515;0.19;134/A/NBP/2017
2017-07-12;3.8442;-0.01;133/A/NBP/2017
2017-07-11;3.8446;-0.19;132/A/NBP/2017
2017-07-10;3.8521;-0.01;131/A/NBP/2017
2017-07-07;3.8525;-0.42;130/A/NBP/2017
2017-07-06;3.8688;-0.24;129/A/NBP/2017
2017-07-05;3.8780;0.07;128/A/NBP/2017
2017-07-04;3.8752;0.04;127/A/NBP/2017
2017-07-03;3.8735;0.18;126/A/NBP/2017
2017-06-30;3.8667;-0.32;125/A/NBP/2017
2017-06-29;3.8791;0.02;124/A/NBP/2017
2017-06-28;3.8782;0.16;123/A/NBP/2017
2017-06-27;3.8719;-0.14;122/A/NBP/2017
2017-06-26;3.8773;-0.52;121/A/NBP/2017
2017-06-23;3.8977;-0.19;120/A/NBP/2017
2017-06-22;3.9050;-0.14;119/A/NBP/2017
2017-06-21;3.9104;0.61;118/A/NBP/2017
2017-06-20;3.8865;0.40;117/A/NBP/2017
2017-06-19;3.8711;-0.15;116/A/NBP/2017
2017-06-16;3.8771;0.18;115/A/NBP/2017
2017-06-14;3.8702;0.09;114/A/NBP/2017
2017-06-13;3.8667;0.14;113/A/NBP/2017
2017-06-12;3.8612;0.12;112/A/NBP/2017
2017-06-09;3.8566;-0.33;111/A/NBP/2017
2017-06-08;3.8693;0.08;110/A/NBP/2017
2017-06-07;3.8662;0.11;109/A/NBP/2017
2017-06-06;3.8620;0.39;108/A/NBP/2017
2017-06-05;3.8471;0.07;107/A/NBP/2017
2017-06-02;3.8443;0.17;106/A/NBP/2017
2017-06-01;3.8378;0.10;105/A/NBP/2017
2017-05-31;3.8338;0.03;104/A/NBP/2017
2017-05-30;3.8326;-0.12;103/A/NBP/2017
2017-05-29;3.8373;-0.02;102/A/NBP/2017
2017-05-26;3.8381;0.24;101/A/NBP/2017
2017-05-25;3.8289;-0.47;100/A/NBP/2017
2017-05-24;3.8471;0.06;099/A/NBP/2017
2017-05-23;3.8448;-0.14;098/A/NBP/2017
2017-05-22;3.8502;-0.24;097/A/NBP/2017
2017-05-19;3.8594;-0.22;096/A/NBP/2017
2017-05-18;3.8678;0.75;095/A/NBP/2017
2017-05-17;3.8390;0.25;094/A/NBP/2017
2017-05-16;3.8296;-0.52;093/A/NBP/2017
2017-05-15;3.8498;-0.09;092/A/NBP/2017
2017-05-12;3.8534;0.23;091/A/NBP/2017
2017-05-11;3.8446;-0.20;090/A/NBP/2017
2017-05-10;3.8524;-0.49;089/A/NBP/2017
2017-05-09;3.8713;-0.05;088/A/NBP/2017
2017-05-08;3.8734;-0.50;087/A/NBP/2017
2017-05-05;3.8928;0.04;086/A/NBP/2017
2017-05-04;3.8914;0.08;085/A/NBP/2017
2017-05-02;3.8884;-0.17;084/A/NBP/2017
2017-04-28;3.8951;-0.27;083/A/NBP/2017
2017-04-27;3.9056;0.19;082/A/NBP/2017
2017-04-26;3.8982;-0.28;081/A/NBP/2017
2017-04-25;3.9092;-0.45;080/A/NBP/2017
2017-04-24;3.9267;-1.64;079/A/NBP/2017
2017-04-21;3.9921;0.33;078/A/NBP/2017
2017-04-20;3.9788;0.30;077/A/NBP/2017
2017-04-19;3.9669;0.38;076/A/NBP/2017
2017-04-18;3.9688;0.43;075/A/NBP/2017
2017-04-14;3.9724;0.52;074/A/NBP/2017
2017-04-13;3.9730;0.53;073/A/NBP/2017
2017-04-12;3.9774;0.65;072/A/NBP/2017
2017-04-11;3.9720;0.51;071/A/NBP/2017
2017-04-10;3.9591;0.18;070/A/NBP/2017
2017-04-07;3.9519;-0.14;069/A/NBP/2017
2017-04-06;3.9575;-0.27;068/A/NBP/2017
2017-04-05;3.9684;-0.30;067/A/NBP/2017
2017-04-04;3.9804;0.52;066/A/NBP/2017
2017-04-03;3.9597;0.34;065/A/NBP/2017
2017-03-31;3.9461;-0.19;064/A/NBP/2017
2017-03-30;3.9538;-0.01;063/A/NBP/2017
2017-03-29;3.9543;-0.47;062/A/NBP/2017
2017-03-28;3.9730;-0.28;061/A/NBP/2017
2017-03-27;3.9843;0.01;060/A/NBP/2017
2017-03-24;3.9839;-0.21;059/A/NBP/2017
2017-03-23;3.9922;-0.20;058/A/NBP/2017
2017-03-22;4.0001;0.83;057/A/NBP/2017
2017-03-21;3.9670;-0.52;056/A/NBP/2017
2017-03-20;3.9876;-0.61;055/A/NBP/2017
2017-03-17;4.0122;-0.49;054/A/NBP/2017
2017-03-16;4.0320;0.02;053/A/NBP/2017
2017-03-15;4.0310;-0.14;052/A/NBP/2017
2017-03-14;4.0366;-0.21;051/A/NBP/2017
2017-03-13;4.0449;0.42;050/A/NBP/2017
2017-03-10;4.0281;0.07;049/A/NBP/2017
2017-03-09;4.0252;-0.11;048/A/NBP/2017
2017-03-08;4.0296;0.21;047/A/NBP/2017
2017-03-07;4.0210;-0.20;046/A/NBP/2017
2017-03-06;4.0290;-0.30;045/A/NBP/2017
2017-03-03;4.0413;0.25;044/A/NBP/2017
2017-03-02;4.0314;-0.18;043/A/NBP/2017
2017-03-01;4.0387;-0.37;042/A/NBP/2017
2017-02-28;4.0535;0.15;041/A/NBP/2017
2017-02-27;4.0474;-0.01;040/A/NBP/2017
2017-02-24;4.0477;0.16;039/A/NBP/2017
2017-02-23;4.0411;0.09;038/A/NBP/2017
2017-02-22;4.0375;-0.46;037/A/NBP/2017
2017-02-21;4.0561;-0.01;036/A/NBP/2017
2017-02-20;4.0564;-0.36;035/A/NBP/2017
2017-02-17;4.0711;0.48;034/A/NBP/2017
2017-02-16;4.0516;0.24;033/A/NBP/2017
2017-02-15;4.0420;0.20;032/A/NBP/2017
2017-02-14;4.0340;-0.11;031/A/NBP/2017
2017-02-13;4.0385;0.16;030/A/NBP/2017
2017-02-10;4.0322;-0.52;029/A/NBP/2017
2017-02-09;4.0533;0.03;028/A/NBP/2017
2017-02-08;4.0521;0.62;027/A/NBP/2017
2017-02-07;4.0271;0.47;026/A/NBP/2017
2017-02-06;4.0084;-0.27;025/A/NBP/2017
2017-02-03;4.0192;-0.29;024/A/NBP/2017
2017-02-02;4.0307;-0.39;023/A/NBP/2017
2017-02-01;4.0465;-0.39;022/A/NBP/2017
2017-01-31;4.0625;0.24;021/A/NBP/2017
2017-01-30;4.0529;-0.20;020/A/NBP/2017
2017-01-27;4.0609;-0.09;019/A/NBP/2017
2017-01-26;4.0644;-0.02;018/A/NBP/2017
2017-01-25;4.0654;-0.22;017/A/NBP/2017
2017-01-24;4.0744;-0.09;016/A/NBP/2017
2017-01-23;4.0781;0.19;015/A/NBP/2017
2017-01-20;4.0705;-0.23;014/A/NBP/2017
2017-01-19;4.0797;0.00;013/A/NBP/2017
2017-01-18;4.0798;-0.11;012/A/NBP/2017
2017-01-17;4.0843;0.01;011/A/NBP/2017
2017-01-16;4.0837;0.21;010/A/NBP/2017
2017-01-13;4.0753;-0.09;009/A/NBP/2017
2017-01-12;4.0791;0.21;008/A/NBP/2017
2017-01-11;4.0706;-0.08;007/A/NBP/2017
2017-01-10;4.0737;-0.31;006/A/NBP/2017
2017-01-09;4.0863;-0.03;005/A/NBP/2017
2017-01-05;4.0876;-0.25;004/A/NBP/2017
2017-01-04;4.0978;-0.39;003/A/NBP/2017
2017-01-03;4.1137;-0.17;002/A/NBP/2017
2017-01-02;4.1209;0.09;001/A/NBP/2017
2016-12-30;4.1173;-0.04;252/A/NBP/2016
2016-12-29;4.1190;0.26;251/A/NBP/2016
2016-12-28;4.1083;0.29;250/A/NBP/2016
2016-12-27;4.0964;-0.50;249/A/NBP/2016
2016-12-23;4.1170;0.07;248/A/NBP/2016
2016-12-22;4.1141;-0.52;247/A/NBP/2016
2016-12-21;4.1357;0.16;246/A/NBP/2016
2016-12-20;4.1289;0.25;245/A/NBP/2016
2016-12-19;4.1185;0.08;244/A/NBP/2016
2016-12-16;4.1152;-0.44;243/A/NBP/2016
2016-12-15;4.1334;0.08;242/A/NBP/2016
2016-12-14;4.1302;-0.10;241/A/NBP/2016
2016-12-13;4.1344;-0.19;240/A/NBP/2016
2016-12-12;4.1422;0.73;239/A/NBP/2016
2016-12-09;4.1120;0.50;238/A/NBP/2016
2016-12-08;4.0917;0.16;237/A/NBP/2016
2016-12-07;4.0852;-1.68;236/A/NBP/2016
2016-12-06;4.1551;-0.21;235/A/NBP/2016
2016-12-05;4.1639;-0.16;234/A/NBP/2016
2016-12-02;4.1705;0.71;233/A/NBP/2016
2016-12-01;4.1409;0.61;232/A/NBP/2016
2016-11-30;4.1159;-0.18;231/A/NBP/2016
2016-11-29;4.1235;0.34;230/A/NBP/2016
2016-11-28;4.1094;0.05;229/A/NBP/2016
2016-11-25;4.1073;-0.40;228/A/NBP/2016
2016-11-24;4.1236;0.30;227/A/NBP/2016
2016-11-23;4.1111;-0.10;226/A/NBP/2016
2016-11-22;4.1152;-0.47;225/A/NBP/2016
2016-11-21;4.1345;-0.56;224/A/NBP/2016
2016-11-18;4.1578;0.50;223/A/NBP/2016
2016-11-17;4.1372;0.25;222/A/NBP/2016
2016-11-16;4.1268;0.54;221/A/NBP/2016
2016-11-15;4.1046;0.12;220/A/NBP/2016
2016-11-14;4.0998;1.60;219/A/NBP/2016
2016-11-10;4.0351;0.47;218/A/NBP/2016
2016-11-09;4.0164;0.01;217/A/NBP/2016
2016-11-08;4.0159;0.32;216/A/NBP/2016
2016-11-07;4.0029;0.35;215/A/NBP/2016
2016-11-04;3.9888;-0.45;214/A/NBP/2016
2016-11-03;4.0067;0.00;213/A/NBP/2016
2016-11-02;4.0066;0.28;212/A/NBP/2016
2016-10-31;3.9953;0.07;211/A/NBP/2016
2016-10-28;3.9927;-0.28;210/A/NBP/2016
2016-10-27;4.0039;0.44;209/A/NBP/2016
2016-10-26;3.9862;0.16;208/A/NBP/2016
2016-10-25;3.9800;-0.33;207/A/NBP/2016
2016-10-24;3.9933;-0.17;206/A/NBP/2016
2016-10-21;4.0002;0.55;205/A/NBP/2016
2016-10-20;3.9785;0.14;204/A/NBP/2016
2016-10-19;3.9730;0.30;203/A/NBP/2016
2016-10-18;3.9613;-0.24;202/A/NBP/2016
2016-10-17;3.9709;0.64;201/A/NBP/2016
2016-10-14;3.9457;-0.30;200/A/NBP/2016
2016-10-13;3.9576;0.86;199/A/NBP/2016
2016-10-12;3.9240;0.56;198/A/NBP/2016
2016-10-11;3.9023;-0.28;197/A/NBP/2016
2016-10-10;3.9131;-0.26;196/A/NBP/2016
2016-10-07;3.9234;-0.26;195/A/NBP/2016
2016-10-06;3.9337;0.32;194/A/NBP/2016
2016-10-05;3.9212;-0.23;193/A/NBP/2016
2016-10-04;3.9303;-0.15;192/A/NBP/2016
2016-10-03;3.9364;-1.10;191/A/NBP/2016
2016-09-30;3.9802;0.82;190/A/NBP/2016
2016-09-29;3.9479;0.21;189/A/NBP/2016
2016-09-28;3.9398;-0.05;188/A/NBP/2016
2016-09-27;3.9418;-0.45;187/A/NBP/2016
2016-09-26;3.9596;0.26;186/A/NBP/2016
2016-09-23;3.9495;0.42;185/A/NBP/2016
2016-09-22;3.9330;-0.46;184/A/NBP/2016
2016-09-21;3.9510;0.41;183/A/NBP/2016
2016-09-20;3.9350;0.00;182/A/NBP/2016
2016-09-19;3.9350;-0.50;181/A/NBP/2016
2016-09-16;3.9548;-0.07;180/A/NBP/2016
2016-09-15;3.9575;-0.01;179/A/NBP/2016
2016-09-14;3.9578;-0.67;178/A/NBP/2016
2016-09-13;3.9844;0.38;177/A/NBP/2016
2016-09-12;3.9695;0.64;176/A/NBP/2016
2016-09-09;3.9444;-0.15;175/A/NBP/2016
2016-09-08;3.9502;-0.57;174/A/NBP/2016
2016-09-07;3.9727;0.17;173/A/NBP/2016
2016-09-06;3.9658;-0.32;172/A/NBP/2016
2016-09-05;3.9786;-0.41;171/A/NBP/2016
2016-09-02;3.9949;0.72;170/A/NBP/2016
2016-09-01;3.9663;-0.21;169/A/NBP/2016
2016-08-31;3.9745;0.23;168/A/NBP/2016
2016-08-30;3.9654;-0.08;167/A/NBP/2016
2016-08-29;3.9686;-0.02;166/A/NBP/2016
2016-08-26;3.9695;0.30;165/A/NBP/2016
2016-08-25;3.9575;-0.14;164/A/NBP/2016
2016-08-24;3.9630;0.03;163/A/NBP/2016
2016-08-23;3.9619;0.16;162/A/NBP/2016
2016-08-22;3.9555;-0.10;161/A/NBP/2016
2016-08-19;3.9596;0.30;160/A/NBP/2016
2016-08-18;3.9476;-0.12;159/A/NBP/2016
2016-08-17;3.9525;0.59;158/A/NBP/2016
2016-08-16;3.9295;0.23;157/A/NBP/2016
2016-08-12;3.9205;-0.09;156/A/NBP/2016
2016-08-11;3.9242;0.46;155/A/NBP/2016
2016-08-10;3.9064;-0.21;154/A/NBP/2016
2016-08-09;3.9148;-0.70;153/A/NBP/2016
2016-08-08;3.9423;-0.43;152/A/NBP/2016
2016-08-05;3.9592;-0.09;151/A/NBP/2016
2016-08-04;3.9628;-0.37;150/A/NBP/2016
2016-08-03;3.9776;-1.03;149/A/NBP/2016
2016-08-02;4.0190;-0.31;148/A/NBP/2016
2016-08-01;4.0313;0.14;147/A/NBP/2016
2016-07-29;4.0256;0.54;146/A/NBP/2016
2016-07-28;4.0038;0.18;145/A/NBP/2016
2016-07-27;3.9968;-0.82;144/A/NBP/2016
2016-07-26;4.0299;0.06;143/A/NBP/2016
2016-07-25;4.0275;0.51;142/A/NBP/2016
2016-07-22;4.0072;-0.27;141/A/NBP/2016
2016-07-21;4.0180;-0.26;140/A/NBP/2016
2016-07-20;4.0283;0.01;139/A/NBP/2016
2016-07-19;4.0280;-0.54;138/A/NBP/2016
2016-07-18;4.0499;0.17;137/A/NBP/2016
2016-07-15;4.0432;-0.04;136/A/NBP/2016
2016-07-14;4.0450;0.31;135/A/NBP/2016
2016-07-13;4.0324;-0.64;134/A/NBP/2016
2016-07-12;4.0582;-0.18;133/A/NBP/2016
2016-07-11;4.0657;-0.49;132/A/NBP/2016
2016-07-08;4.0857;-0.31;131/A/NBP/2016
2016-07-07;4.0984;-0.14;130/A/NBP/2016
2016-07-06;4.1042;-0.30;129/A/NBP/2016
2016-07-05;4.1165;0.69;128/A/NBP/2016
2016-07-04;4.0884;0.83;127/A/NBP/2016
2016-07-01;4.0547;-0.32;126/A/NBP/2016
2016-06-30;4.0677;-0.09;125/A/NBP/2016
2016-06-29;4.0712;-0.25;124/A/NBP/2016
2016-06-28;4.0814;-1.32;123/A/NBP/2016
2016-06-27;4.1358;0.80;122/A/NBP/2016
2016-06-24;4.1028;1.60;121/A/NBP/2016
2016-06-23;4.0383;-0.53;120/A/NBP/2016
2016-06-22;4.0597;0.54;119/A/NBP/2016
2016-06-21;4.0380;0.06;118/A/NBP/2016
2016-06-20;4.0355;-1.43;117/A/NBP/2016
2016-06-17;4.0942;-0.28;116/A/NBP/2016
2016-06-16;4.1058;0.76;115/A/NBP/2016
2016-06-15;4.0750;-0.42;114/A/NBP/2016
2016-06-14;4.0920;1.39;113/A/NBP/2016
2016-06-13;4.0360;1.05;112/A/NBP/2016
2016-06-10;3.9941;0.60;111/A/NBP/2016
2016-06-09;3.9703;0.38;110/A/NBP/2016
2016-06-08;3.9554;-0.21;109/A/NBP/2016
2016-06-07;3.9639;0.10;108/A/NBP/2016
2016-06-06;3.9598;-0.37;107/A/NBP/2016
2016-06-03;3.9746;0.04;106/A/NBP/2016
2016-06-02;3.9731;0.18;105/A/NBP/2016
2016-06-01;3.9658;-0.11;104/A/NBP/2016
2016-05-31;3.9701;-0.14;103/A/NBP/2016
2016-05-30;3.9757;-0.10;102/A/NBP/2016
2016-05-27;3.9795;-0.51;101/A/NBP/2016
2016-05-25;4.0000;-0.26;100/A/NBP/2016
2016-05-24;4.0105;0.61;099/A/NBP/2016
2016-05-23;3.9862;0.35;098/A/NBP/2016
2016-05-20;3.9724;0.08;097/A/NBP/2016
2016-05-19;3.9693;0.08;096/A/NBP/2016
2016-05-18;3.9660;0.76;095/A/NBP/2016
2016-05-17;3.9361;-0.55;094/A/NBP/2016
2016-05-16;3.9577;-0.92;093/A/NBP/2016
2016-05-13;3.9944;-0.16;092/A/NBP/2016
2016-05-12;4.0008;0.33;091/A/NBP/2016
2016-05-11;3.9877;-0.31;090/A/NBP/2016
2016-05-10;4.0001;0.10;089/A/NBP/2016
2016-05-09;3.9961;-0.21;088/A/NBP/2016
2016-05-06;4.0047;0.10;087/A/NBP/2016
2016-05-05;4.0005;-0.18;086/A/NBP/2016
2016-05-04;4.0078;0.59;085/A/NBP/2016
2016-05-02;3.9844;-0.92;084/A/NBP/2016
2016-04-29;4.0215;0.49;083/A/NBP/2016
2016-04-28;4.0020;0.31;082/A/NBP/2016
2016-04-27;3.9896;-0.26;081/A/NBP/2016
2016-04-26;4.0000;0.13;080/A/NBP/2016
2016-04-25;3.9947;1.64;079/A/NBP/2016
2016-04-22;3.9302;0.51;078/A/NBP/2016
2016-04-21;3.9102;-0.64;077/A/NBP/2016
2016-04-20;3.9352;-0.01;076/A/NBP/2016
2016-04-19;3.9354;-0.10;075/A/NBP/2016
2016-04-18;3.9395;-0.14;074/A/NBP/2016
2016-04-15;3.9451;-0.15;073/A/NBP/2016
2016-04-14;3.9511;0.43;072/A/NBP/2016
2016-04-13;3.9343;-0.20;071/A/NBP/2016
2016-04-12;3.9420;0.19;070/A/NBP/2016
2016-04-11;3.9344;-0.20;069/A/NBP/2016
2016-04-08;3.9423;0.73;068/A/NBP/2016
2016-04-07;3.9139;0.25;067/A/NBP/2016
2016-04-06;3.9042;0.33;066/A/NBP/2016
2016-04-05;3.8915;0.37;065/A/NBP/2016
2016-04-04;3.8771;0.13;064/A/NBP/2016
2016-04-01;3.8722;-0.81;063/A/NBP/2016
2016-03-31;3.9040;0.39;062/A/NBP/2016
2016-03-30;3.8890;-0.35;061/A/NBP/2016
2016-03-29;3.9025;-0.16;060/A/NBP/2016
2016-03-25;3.9087;-0.29;059/A/NBP/2016
2016-03-24;3.9201;0.64;058/A/NBP/2016
2016-03-23;3.8951;-0.39;057/A/NBP/2016
2016-03-22;3.9104;0.28;056/A/NBP/2016
2016-03-21;3.8994;-0.13;055/A/NBP/2016
2016-03-18;3.9045;-0.25;054/A/NBP/2016
2016-03-17;3.9143;-0.12;053/A/NBP/2016
2016-03-16;3.9192;0.22;052/A/NBP/2016
2016-03-15;3.9107;0.32;051/A/NBP/2016
2016-03-14;3.8983;-1.08;050/A/NBP/2016
2016-03-11;3.9409;-0.10;049/A/NBP/2016
2016-03-10;3.9447;-0.05;048/A/NBP/2016
2016-03-09;3.9468;-0.49;047/A/NBP/2016
2016-03-08;3.9664;0.33;046/A/NBP/2016
2016-03-07;3.9532;-0.73;045/A/NBP/2016
2016-03-04;3.9822;-0.17;044/A/NBP/2016
2016-03-03;3.9891;-0.11;043/A/NBP/2016
2016-03-02;3.9933;0.06;042/A/NBP/2016
2016-03-01;3.9909;-0.03;041/A/NBP/2016
2016-02-29;3.9922;0.09;040/A/NBP/2016
2016-02-26;3.9888;-0.45;039/A/NBP/2016
2016-02-25;4.0069;-0.08;038/A/NBP/2016
2016-02-24;4.0103;0.67;037/A/NBP/2016
2016-02-23;3.9835;0.42;036/A/NBP/2016
2016-02-22;3.9668;-0.12;035/A/NBP/2016
2016-02-19;3.9714;-0.04;034/A/NBP/2016
2016-02-18;3.9729;-0.18;033/A/NBP/2016
2016-02-17;3.9800;-0.35;032/A/NBP/2016
2016-02-16;3.9938;0.01;031/A/NBP/2016
2016-02-15;3.9935;-0.38;030/A/NBP/2016
2016-02-12;4.0089;-1.11;029/A/NBP/2016
2016-02-11;4.0541;0.24;028/A/NBP/2016
2016-02-10;4.0445;0.00;027/A/NBP/2016
2016-02-09;4.0447;1.45;026/A/NBP/2016
2016-02-08;3.9869;0.28;025/A/NBP/2016
2016-02-05;3.9756;0.82;024/A/NBP/2016
2016-02-04;3.9431;-0.53;023/A/NBP/2016
2016-02-03;3.9642;0.31;022/A/NBP/2016
2016-02-02;3.9520;-0.53;021/A/NBP/2016
2016-02-01;3.9730;-0.55;020/A/NBP/2016
2016-01-29;3.9949;-0.78;019/A/NBP/2016
2016-01-28;4.0265;-0.62;018/A/NBP/2016
2016-01-27;4.0516;-0.84;017/A/NBP/2016
2016-01-26;4.0861;0.21;016/A/NBP/2016
2016-01-25;4.0775;0.32;015/A/NBP/2016
2016-01-22;4.0644;-1.07;014/A/NBP/2016
2016-01-21;4.1084;0.64;013/A/NBP/2016
2016-01-20;4.0822;0.50;012/A/NBP/2016
2016-01-19;4.0617;-0.80;011/A/NBP/2016
2016-01-18;4.0945;1.64;010/A/NBP/2016
2016-01-15;4.0284;1.22;009/A/NBP/2016
2016-01-14;3.9800;0.05;008/A/NBP/2016
2016-01-13;3.9782;-0.97;007/A/NBP/2016
2016-01-12;4.0170;0.03;006/A/NBP/2016
2016-01-11;4.0159;0.59;005/A/NBP/2016
2016-01-08;3.9922;-0.14;004/A/NBP/2016
2016-01-07;3.9979;0.47;003/A/NBP/2016
2016-01-05;3.9792;0.67;002/A/NBP/2016
2016-01-04;3.9526;0.34;001/A/NBP/2016
2015-12-31;3.9394;0.58;254/A/NBP/2015
2015-12-30;3.9165;0.06;253/A/NBP/2015
2015-12-29;3.9140;0.07;252/A/NBP/2015
2015-12-28;3.9114;-0.33;251/A/NBP/2015
2015-12-24;3.9242;-0.07;250/A/NBP/2015
2015-12-23;3.9271;0.28;249/A/NBP/2015
2015-12-22;3.9161;-0.48;248/A/NBP/2015
2015-12-21;3.9348;-0.97;247/A/NBP/2015
2015-12-18;3.9733;-0.21;246/A/NBP/2015
2015-12-17;3.9817;-0.53;245/A/NBP/2015
2015-12-16;4.0028;-0.48;244/A/NBP/2015
2015-12-15;4.0222;-0.16;243/A/NBP/2015
2015-12-14;4.0287;0.25;242/A/NBP/2015
2015-12-11;4.0186;0.26;241/A/NBP/2015
2015-12-10;4.0083;0.13;240/A/NBP/2015
2015-12-09;4.0030;0.17;239/A/NBP/2015
2015-12-08;3.9963;0.46;238/A/NBP/2015
2015-12-07;3.9781;0.35;237/A/NBP/2015
2015-12-04;3.9643;0.46;236/A/NBP/2015
2015-12-03;3.9461;0.47;235/A/NBP/2015
2015-12-02;3.9278;0.38;234/A/NBP/2015
2015-12-01;3.9128;0.07;233/A/NBP/2015
2015-11-30;3.9099;-0.19;232/A/NBP/2015
2015-11-27;3.9172;-0.59;231/A/NBP/2015
2015-11-26;3.9404;-0.07;230/A/NBP/2015
2015-11-25;3.9431;0.34;229/A/NBP/2015
2015-11-24;3.9298;0.38;228/A/NBP/2015
2015-11-23;3.9151;0.02;227/A/NBP/2015
2015-11-20;3.9143;0.31;226/A/NBP/2015
2015-11-19;3.9023;-0.61;225/A/NBP/2015
2015-11-18;3.9264;-0.15;224/A/NBP/2015
2015-11-17;3.9324;-0.01;223/A/NBP/2015
2015-11-16;3.9328;0.20;222/A/NBP/2015
2015-11-13;3.9248;-0.04;221/A/NBP/2015
2015-11-12;3.9263;-0.44;220/A/NBP/2015
2015-11-10;3.9435;-0.07;219/A/NBP/2015
2015-11-09;3.9464;0.56;218/A/NBP/2015
2015-11-06;3.9246;0.47;217/A/NBP/2015
2015-11-05;3.9062;-0.44;216/A/NBP/2015
2015-11-04;3.9234;0.28;215/A/NBP/2015
2015-11-03;3.9126;0.17;214/A/NBP/2015
2015-11-02;3.9060;-0.50;213/A/NBP/2015
2015-10-30;3.9255;-0.28;212/A/NBP/2015
2015-10-29;3.9364;-0.24;211/A/NBP/2015
2015-10-28;3.9459;0.40;210/A/NBP/2015
2015-10-27;3.9302;-0.36;209/A/NBP/2015
2015-10-26;3.9444;0.38;208/A/NBP/2015
2015-10-23;3.9296;-0.15;207/A/NBP/2015
2015-10-22;3.9357;-0.14;206/A/NBP/2015
2015-10-21;3.9411;0.23;205/A/NBP/2015
2015-10-20;3.9319;0.57;204/A/NBP/2015
2015-10-19;3.9097;0.19;203/A/NBP/2015
2015-10-16;3.9022;0.24;202/A/NBP/2015
2015-10-15;3.8930;0.29;201/A/NBP/2015
2015-10-14;3.8819;0.27;200/A/NBP/2015
2015-10-13;3.8716;0.19;199/A/NBP/2015
2015-10-12;3.8644;0.03;198/A/NBP/2015
2015-10-09;3.8631;-0.36;197/A/NBP/2015
2015-10-08;3.8772;-0.25;196/A/NBP/2015
2015-10-07;3.8869;-0.01;195/A/NBP/2015
2015-10-06;3.8873;0.02;194/A/NBP/2015
2015-10-05;3.8864;-0.05;193/A/NBP/2015
2015-10-02;3.8885;-0.01;192/A/NBP/2015
2015-10-01;3.8890;0.27;191/A/NBP/2015
2015-09-30;3.8785;-0.32;190/A/NBP/2015
2015-09-29;3.8909;0.65;189/A/NBP/2015
2015-09-28;3.8656;0.48;188/A/NBP/2015
2015-09-25;3.8473;-0.31;187/A/NBP/2015
2015-09-24;3.8593;-0.10;186/A/NBP/2015
2015-09-23;3.8632;0.29;185/A/NBP/2015
2015-09-22;3.8522;0.42;184/A/NBP/2015
2015-09-21;3.8359;0.00;183/A/NBP/2015
2015-09-18;3.8359;-0.02;182/A/NBP/2015
2015-09-17;3.8368;0.02;181/A/NBP/2015
2015-09-16;3.8361;-0.15;180/A/NBP/2015
2015-09-15;3.8417;0.38;179/A/NBP/2015
2015-09-14;3.8272;-0.04;178/A/NBP/2015
2015-09-11;3.8289;-0.73;177/A/NBP/2015
2015-09-10;3.8570;-0.25;176/A/NBP/2015
2015-09-09;3.8666;-0.46;175/A/NBP/2015
2015-09-08;3.8843;-0.36;174/A/NBP/2015
2015-09-07;3.8983;0.00;173/A/NBP/2015
2015-09-04;3.8982;0.37;172/A/NBP/2015
2015-09-03;3.8840;-0.58;171/A/NBP/2015
2015-09-02;3.9065;0.21;170/A/NBP/2015
2015-09-01;3.8985;-0.64;169/A/NBP/2015
2015-08-31;3.9238;0.64;168/A/NBP/2015
2015-08-28;3.8988;-0.69;167/A/NBP/2015
2015-08-27;3.9260;0.20;166/A/NBP/2015
2015-08-26;3.9180;0.53;165/A/NBP/2015
2015-08-25;3.8973;-0.40;164/A/NBP/2015
2015-08-24;3.9129;0.34;163/A/NBP/2015
2015-08-21;3.8998;-0.26;162/A/NBP/2015
2015-08-20;3.9098;0.97;161/A/NBP/2015
2015-08-19;3.8724;0.58;160/A/NBP/2015
2015-08-18;3.8499;-0.11;159/A/NBP/2015
2015-08-17;3.8540;0.07;158/A/NBP/2015
2015-08-14;3.8514;0.09;157/A/NBP/2015
2015-08-13;3.8480;-0.25;156/A/NBP/2015
2015-08-12;3.8575;-0.49;155/A/NBP/2015
2015-08-11;3.8765;-0.44;154/A/NBP/2015
2015-08-10;3.8937;-0.13;153/A/NBP/2015
2015-08-07;3.8989;-0.11;152/A/NBP/2015
2015-08-06;3.9033;-0.28;151/A/NBP/2015
2015-08-05;3.9144;0.22;150/A/NBP/2015
2015-08-04;3.9059;0.21;149/A/NBP/2015
2015-08-03;3.8977;-0.96;148/A/NBP/2015
2015-07-31;3.9355;1.10;147/A/NBP/2015
2015-07-30;3.8928;-0.05;146/A/NBP/2015
2015-07-29;3.8946;0.69;145/A/NBP/2015
2015-07-28;3.8679;-1.20;144/A/NBP/2015
2015-07-27;3.9150;-0.02;143/A/NBP/2015
2015-07-24;3.9159;-0.50;142/A/NBP/2015
2015-07-23;3.9357;0.22;141/A/NBP/2015
2015-07-22;3.9269;-0.34;140/A/NBP/2015
2015-07-21;3.9402;0.13;139/A/NBP/2015
2015-07-20;3.9350;0.05;138/A/NBP/2015
2015-07-17;3.9332;-0.35;137/A/NBP/2015
2015-07-16;3.9469;-0.32;136/A/NBP/2015
2015-07-15;3.9595;-0.79;135/A/NBP/2015
2015-07-14;3.9911;0.69;134/A/NBP/2015
2015-07-13;3.9636;-1.11;133/A/NBP/2015
2015-07-10;4.0081;-0.55;132/A/NBP/2015
2015-07-09;4.0304;-0.59;131/A/NBP/2015
2015-07-08;4.0545;0.25;130/A/NBP/2015
2015-07-07;4.0443;0.62;129/A/NBP/2015
2015-07-06;4.0193;0.39;128/A/NBP/2015
2015-07-03;4.0038;0.16;127/A/NBP/2015
2015-07-02;3.9974;-0.31;126/A/NBP/2015
2015-07-01;4.0097;-0.78;125/A/NBP/2015
2015-06-30;4.0412;0.51;124/A/NBP/2015
2015-06-29;4.0208;0.62;123/A/NBP/2015
2015-06-26;3.9960;0.35;122/A/NBP/2015
2015-06-25;3.9820;-0.18;121/A/NBP/2015
2015-06-24;3.9891;0.02;120/A/NBP/2015
2015-06-23;3.9884;-0.25;119/A/NBP/2015
2015-06-22;3.9985;0.07;118/A/NBP/2015
2015-06-19;3.9957;0.35;117/A/NBP/2015
2015-06-18;3.9817;0.01;116/A/NBP/2015
2015-06-17;3.9815;0.41;115/A/NBP/2015
2015-06-16;3.9654;-0.03;114/A/NBP/2015
2015-06-15;3.9665;0.22;113/A/NBP/2015
2015-06-12;3.9579;0.58;112/A/NBP/2015
2015-06-11;3.9352;-0.76;111/A/NBP/2015
2015-06-10;3.9655;-0.51;110/A/NBP/2015
2015-06-09;3.9860;0.28;109/A/NBP/2015
2015-06-08;3.9750;0.33;108/A/NBP/2015
2015-06-05;3.9619;-0.18;107/A/NBP/2015
2015-06-03;3.9690;-0.82;106/A/NBP/2015
2015-06-02;4.0019;0.09;105/A/NBP/2015
2015-06-01;3.9984;0.19;104/A/NBP/2015
2015-05-29;3.9910;-0.26;103/A/NBP/2015
2015-05-28;4.0014;0.00;102/A/NBP/2015
2015-05-27;4.0014;0.38;101/A/NBP/2015
2015-05-26;3.9864;0.27;100/A/NBP/2015
2015-05-25;3.9757;1.02;099/A/NBP/2015
2015-05-22;3.9355;0.24;098/A/NBP/2015
2015-05-21;3.9260;0.73;097/A/NBP/2015
2015-05-20;3.8977;0.49;096/A/NBP/2015
2015-05-19;3.8787;0.38;095/A/NBP/2015
2015-05-18;3.8642;-0.80;094/A/NBP/2015
2015-05-15;3.8955;-0.87;093/A/NBP/2015
2015-05-14;3.9295;0.43;092/A/NBP/2015
2015-05-13;3.9126;-0.69;091/A/NBP/2015
2015-05-12;3.9399;0.47;090/A/NBP/2015
2015-05-11;3.9216;0.13;089/A/NBP/2015
2015-05-08;3.9166;-0.30;088/A/NBP/2015
2015-05-07;3.9285;0.57;087/A/NBP/2015
2015-05-06;3.9064;1.15;086/A/NBP/2015
2015-05-05;3.8619;-0.35;085/A/NBP/2015
2015-05-04;3.8756;0.83;084/A/NBP/2015
2015-04-30;3.8438;0.74;083/A/NBP/2015
2015-04-29;3.8156;-0.74;082/A/NBP/2015
2015-04-28;3.8441;-0.98;081/A/NBP/2015
2015-04-27;3.8822;0.23;080/A/NBP/2015
2015-04-24;3.8732;0.20;079/A/NBP/2015
2015-04-23;3.8653;-0.90;078/A/NBP/2015
2015-04-22;3.9005;0.46;077/A/NBP/2015
2015-04-21;3.8828;-0.67;076/A/NBP/2015
2015-04-20;3.9090;0.05;075/A/NBP/2015
2015-04-17;3.9072;0.44;074/A/NBP/2015
2015-04-16;3.8901;0.26;073/A/NBP/2015
2015-04-15;3.8801;-0.11;072/A/NBP/2015
2015-04-14;3.8845;0.35;071/A/NBP/2015
2015-04-13;3.8708;-0.02;070/A/NBP/2015
2015-04-10;3.8715;0.47;069/A/NBP/2015
2015-04-09;3.8533;-0.15;068/A/NBP/2015
2015-04-08;3.8592;-0.72;067/A/NBP/2015
2015-04-07;3.8872;-0.43;066/A/NBP/2015
2015-04-03;3.9040;0.03;065/A/NBP/2015
2015-04-02;3.9028;0.25;064/A/NBP/2015
2015-04-01;3.8929;-0.46;063/A/NBP/2015
2015-03-31;3.9110;0.03;062/A/NBP/2015
2015-03-30;3.9097;-0.20;061/A/NBP/2015
2015-03-27;3.9177;0.49;060/A/NBP/2015
2015-03-26;3.8985;-0.03;059/A/NBP/2015
2015-03-25;3.8995;-0.04;058/A/NBP/2015
2015-03-24;3.9011;-0.11;057/A/NBP/2015
2015-03-23;3.9055;-0.12;056/A/NBP/2015
2015-03-20;3.9101;0.45;055/A/NBP/2015
2015-03-19;3.8926;-0.09;054/A/NBP/2015
2015-03-18;3.8960;-0.03;053/A/NBP/2015
2015-03-17;3.8971;-0.37;052/A/NBP/2015
2015-03-16;3.9116;0.45;051/A/NBP/2015
2015-03-13;3.8940;0.41;050/A/NBP/2015
2015-03-12;3.8781;-0.28;049/A/NBP/2015
2015-03-11;3.8888;0.94;048/A/NBP/2015
2015-03-10;3.8525;-0.02;047/A/NBP/2015
2015-03-09;3.8531;-0.01;046/A/NBP/2015
2015-03-06;3.8535;-0.52;045/A/NBP/2015
2015-03-05;3.8735;-0.50;044/A/NBP/2015
2015-03-04;3.8930;0.52;043/A/NBP/2015
2015-03-03;3.8728;-0.04;042/A/NBP/2015
2015-03-02;3.8742;-0.45;041/A/NBP/2015
2015-02-27;3.8919;0.75;040/A/NBP/2015
2015-02-26;3.8628;-0.06;039/A/NBP/2015
2015-02-25;3.8653;-0.66;038/A/NBP/2015
2015-02-24;3.8909;0.17;037/A/NBP/2015
2015-02-23;3.8842;0.16;036/A/NBP/2015
2015-02-20;3.8781;-0.10;035/A/NBP/2015
2015-02-19;3.8818;-0.89;034/A/NBP/2015
2015-02-18;3.9167;-0.51;033/A/NBP/2015
2015-02-17;3.9369;0.01;032/A/NBP/2015
2015-02-16;3.9364;-0.05;031/A/NBP/2015
2015-02-13;3.9383;-0.81;030/A/NBP/2015
2015-02-12;3.9706;-0.90;029/A/NBP/2015
2015-02-11;4.0068;-0.31;028/A/NBP/2015
2015-02-10;4.0192;0.83;027/A/NBP/2015
2015-02-09;3.9861;0.81;026/A/NBP/2015
2015-02-06;3.9540;0.00;025/A/NBP/2015
2015-02-05;3.9541;0.42;024/A/NBP/2015
2015-02-04;3.9375;-1.15;023/A/NBP/2015
2015-02-03;3.9834;0.71;022/A/NBP/2015
2015-02-02;3.9555;-1.55;021/A/NBP/2015
2015-01-30;4.0179;-2.02;020/A/NBP/2015
2015-01-29;4.1007;-0.79;019/A/NBP/2015
2015-01-28;4.1335;-0.05;018/A/NBP/2015
2015-01-27;4.1357;-2.57;017/A/NBP/2015
2015-01-26;4.2448;-1.79;016/A/NBP/2015
2015-01-23;4.3223;0.30;015/A/NBP/2015
2015-01-22;4.3092;-0.16;014/A/NBP/2015
2015-01-21;4.3160;1.08;013/A/NBP/2015
2015-01-20;4.2697;-0.48;012/A/NBP/2015
2015-01-19;4.2901;0.82;011/A/NBP/2015
2015-01-16;4.2550;2.26;010/A/NBP/2015
2015-01-15;4.1611;16.52;009/A/NBP/2015
2015-01-14;3.5712;0.20;008/A/NBP/2015
2015-01-13;3.5639;0.04;007/A/NBP/2015
2015-01-12;3.5623;-0.11;006/A/NBP/2015
2015-01-09;3.5663;-0.36;005/A/NBP/2015
2015-01-08;3.5792;-0.30;004/A/NBP/2015
2015-01-07;3.5898;0.30;003/A/NBP/2015
2015-01-05;3.5792;-0.11;002/A/NBP/2015
2015-01-02;3.5833;1.09;001/A/NBP/2015
2014-12-31;3.5447;-1.15;252/A/NBP/2014
2014-12-30;3.5859;0.18;251/A/NBP/2014
2014-12-29;3.5794;-0.05;250/A/NBP/2014
2014-12-24;3.5813;0.77;249/A/NBP/2014
2014-12-23;3.5538;0.31;248/A/NBP/2014
2014-12-22;3.5429;-0.15;247/A/NBP/2014
2014-12-19;3.5483;0.83;246/A/NBP/2014
2014-12-18;3.5190;-0.05;245/A/NBP/2014
2014-12-17;3.5209;0.84;244/A/NBP/2014
2014-12-16;3.4917;0.43;243/A/NBP/2014
2014-12-15;3.4768;-0.11;242/A/NBP/2014
2014-12-12;3.4807;0.18;241/A/NBP/2014
2014-12-11;3.4745;0.40;240/A/NBP/2014
2014-12-10;3.4605;0.03;239/A/NBP/2014
2014-12-09;3.4594;-0.13;238/A/NBP/2014
2014-12-08;3.4639;0.14;237/A/NBP/2014
2014-12-05;3.4589;0.23;236/A/NBP/2014
2014-12-04;3.4510;-0.13;235/A/NBP/2014
2014-12-03;3.4556;-0.03;234/A/NBP/2014
2014-12-02;3.4567;-0.50;233/A/NBP/2014
2014-12-01;3.4741;-0.14;232/A/NBP/2014
2014-11-28;3.4788;0.04;231/A/NBP/2014
2014-11-27;3.4774;0.04;230/A/NBP/2014
2014-11-26;3.4761;-0.28;229/A/NBP/2014
2014-11-25;3.4859;-0.15;228/A/NBP/2014
2014-11-24;3.4911;-0.29;227/A/NBP/2014
2014-11-21;3.5011;-0.24;226/A/NBP/2014
2014-11-20;3.5094;-0.04;225/A/NBP/2014
2014-11-19;3.5108;0.00;224/A/NBP/2014
2014-11-18;3.5109;-0.19;223/A/NBP/2014
2014-11-17;3.5176;-0.01;222/A/NBP/2014
2014-11-14;3.5179;0.22;221/A/NBP/2014
2014-11-13;3.5103;-0.10;220/A/NBP/2014
2014-11-12;3.5137;0.23;219/A/NBP/2014
2014-11-10;3.5057;-0.06;218/A/NBP/2014
2014-11-07;3.5078;-0.01;217/A/NBP/2014
2014-11-06;3.5083;-0.18;216/A/NBP/2014
2014-11-05;3.5146;0.26;215/A/NBP/2014
2014-11-04;3.5056;0.11;214/A/NBP/2014
2014-11-03;3.5017;0.45;213/A/NBP/2014
2014-10-31;3.4860;-0.59;212/A/NBP/2014
2014-10-30;3.5068;0.08;211/A/NBP/2014
2014-10-29;3.5039;0.01;210/A/NBP/2014
2014-10-28;3.5035;0.03;209/A/NBP/2014
2014-10-27;3.5024;-0.01;208/A/NBP/2014
2014-10-24;3.5026;-0.06;207/A/NBP/2014
2014-10-23;3.5046;0.12;206/A/NBP/2014
2014-10-22;3.5003;-0.05;205/A/NBP/2014
2014-10-21;3.5022;0.03;204/A/NBP/2014
2014-10-20;3.5012;-0.04;203/A/NBP/2014
2014-10-17;3.5025;0.08;202/A/NBP/2014
2014-10-16;3.4996;0.40;201/A/NBP/2014
2014-10-15;3.4855;0.21;200/A/NBP/2014
2014-10-14;3.4781;0.34;199/A/NBP/2014
2014-10-13;3.4662;0.35;198/A/NBP/2014
2014-10-10;3.4540;0.06;197/A/NBP/2014
2014-10-09;3.4520;0.00;196/A/NBP/2014
2014-10-08;3.4520;-0.04;195/A/NBP/2014
2014-10-07;3.4533;0.03;194/A/NBP/2014
2014-10-06;3.4522;-0.14;193/A/NBP/2014
2014-10-03;3.4572;-0.08;192/A/NBP/2014
2014-10-02;3.4599;-0.18;191/A/NBP/2014
2014-10-01;3.4662;0.18;190/A/NBP/2014
2014-09-30;3.4600;-0.21;189/A/NBP/2014
2014-09-29;3.4673;0.19;188/A/NBP/2014
2014-09-26;3.4608;0.09;187/A/NBP/2014
2014-09-25;3.4577;-0.06;186/A/NBP/2014
2014-09-24;3.4599;-0.02;185/A/NBP/2014
2014-09-23;3.4606;-0.13;184/A/NBP/2014
2014-09-22;3.4650;-0.09;183/A/NBP/2014
2014-09-19;3.4682;0.07;182/A/NBP/2014
2014-09-18;3.4659;0.18;181/A/NBP/2014
2014-09-17;3.4597;-0.33;180/A/NBP/2014
2014-09-16;3.4710;-0.06;179/A/NBP/2014
2014-09-15;3.4732;0.12;178/A/NBP/2014
2014-09-12;3.4690;0.07;177/A/NBP/2014
2014-09-11;3.4666;-0.46;176/A/NBP/2014
2014-09-10;3.4825;0.03;175/A/NBP/2014
2014-09-09;3.4813;0.39;174/A/NBP/2014
2014-09-08;3.4677;-0.20;173/A/NBP/2014
2014-09-05;3.4748;-0.13;172/A/NBP/2014
2014-09-04;3.4793;0.21;171/A/NBP/2014
2014-09-03;3.4720;-0.46;170/A/NBP/2014
2014-09-02;3.4881;-0.06;169/A/NBP/2014
2014-09-01;3.4901;-0.08;168/A/NBP/2014
2014-08-29;3.4930;0.23;167/A/NBP/2014
2014-08-28;3.4851;0.46;166/A/NBP/2014
2014-08-27;3.4690;0.25;165/A/NBP/2014
2014-08-26;3.4604;0.05;164/A/NBP/2014
2014-08-25;3.4588;-0.04;163/A/NBP/2014
2014-08-22;3.4602;0.04;162/A/NBP/2014
2014-08-21;3.4587;0.08;161/A/NBP/2014
2014-08-20;3.4560;-0.06;160/A/NBP/2014
2014-08-19;3.4581;-0.20;159/A/NBP/2014
2014-08-18;3.4649;0.50;158/A/NBP/2014
2014-08-14;3.4478;-0.31;157/A/NBP/2014
2014-08-13;3.4586;-0.09;156/A/NBP/2014
2014-08-12;3.4616;-0.01;155/A/NBP/2014
2014-08-11;3.4618;-0.42;154/A/NBP/2014
2014-08-08;3.4764;0.62;153/A/NBP/2014
2014-08-07;3.4551;0.14;152/A/NBP/2014
2014-08-06;3.4501;0.78;151/A/NBP/2014
2014-08-05;3.4233;-0.33;150/A/NBP/2014
2014-08-04;3.4345;-0.27;149/A/NBP/2014
2014-08-01;3.4438;0.62;148/A/NBP/2014
2014-07-31;3.4225;0.25;147/A/NBP/2014
2014-07-30;3.4138;-0.12;146/A/NBP/2014
2014-07-29;3.4180;0.14;145/A/NBP/2014
2014-07-28;3.4132;0.05;144/A/NBP/2014
2014-07-25;3.4114;0.12;143/A/NBP/2014
2014-07-24;3.4074;0.12;142/A/NBP/2014
2014-07-23;3.4034;-0.26;141/A/NBP/2014
2014-07-22;3.4121;-0.15;140/A/NBP/2014
2014-07-21;3.4172;0.01;139/A/NBP/2014
2014-07-18;3.4169;0.29;138/A/NBP/2014
2014-07-17;3.4069;0.24;137/A/NBP/2014
2014-07-16;3.3986;-0.40;136/A/NBP/2014
2014-07-15;3.4124;0.06;135/A/NBP/2014
2014-07-14;3.4102;-0.01;134/A/NBP/2014
2014-07-11;3.4107;0.20;133/A/NBP/2014
2014-07-10;3.4040;0.27;132/A/NBP/2014
2014-07-09;3.3949;-0.34;131/A/NBP/2014
2014-07-08;3.4064;-0.15;130/A/NBP/2014
2014-07-07;3.4115;0.11;129/A/NBP/2014
2014-07-04;3.4076;-0.37;128/A/NBP/2014
2014-07-03;3.4201;0.06;127/A/NBP/2014
2014-07-02;3.4180;-0.11;126/A/NBP/2014
2014-07-01;3.4219;-0.08;125/A/NBP/2014
2014-06-30;3.4246;0.32;124/A/NBP/2014
2014-06-27;3.4137;0.42;123/A/NBP/2014
2014-06-26;3.3993;-0.21;122/A/NBP/2014
2014-06-25;3.4064;-0.39;121/A/NBP/2014
2014-06-24;3.4198;0.06;120/A/NBP/2014
2014-06-23;3.4179;0.21;119/A/NBP/2014
2014-06-20;3.4109;0.27;118/A/NBP/2014
2014-06-18;3.4018;0.12;117/A/NBP/2014
2014-06-17;3.3976;-0.21;116/A/NBP/2014
2014-06-16;3.4046;0.47;115/A/NBP/2014
2014-06-13;3.3888;0.45;114/A/NBP/2014
2014-06-12;3.3736;-0.12;113/A/NBP/2014
2014-06-11;3.3777;0.23;112/A/NBP/2014
2014-06-10;3.3700;0.23;111/A/NBP/2014
2014-06-09;3.3624;-0.67;110/A/NBP/2014
2014-06-06;3.3850;0.14;109/A/NBP/2014
2014-06-05;3.3802;-0.59;108/A/NBP/2014
2014-06-04;3.4002;0.43;107/A/NBP/2014
2014-06-03;3.3858;0.03;106/A/NBP/2014
2014-06-02;3.3849;-0.22;105/A/NBP/2014
2014-05-30;3.3924;0.07;104/A/NBP/2014
2014-05-29;3.3899;-0.55;103/A/NBP/2014
2014-05-28;3.4085;-0.02;102/A/NBP/2014
2014-05-27;3.4092;0.13;101/A/NBP/2014
2014-05-26;3.4047;0.13;100/A/NBP/2014
2014-05-23;3.4003;-0.52;099/A/NBP/2014
2014-05-22;3.4181;-0.31;098/A/NBP/2014
2014-05-21;3.4286;0.04;097/A/NBP/2014
2014-05-20;3.4273;0.03;096/A/NBP/2014
2014-05-19;3.4262;-0.21;095/A/NBP/2014
2014-05-16;3.4334;0.27;094/A/NBP/2014
2014-05-15;3.4240;-0.14;093/A/NBP/2014
2014-05-14;3.4287;0.11;092/A/NBP/2014
2014-05-13;3.4248;0.01;091/A/NBP/2014
2014-05-12;3.4243;-0.14;090/A/NBP/2014
2014-05-09;3.4292;-0.16;089/A/NBP/2014
2014-05-08;3.4347;-0.43;088/A/NBP/2014
2014-05-07;3.4495;-0.13;087/A/NBP/2014
2014-05-06;3.4540;-0.03;086/A/NBP/2014
2014-05-05;3.4550;0.31;085/A/NBP/2014
2014-05-02;3.4442;0.03;084/A/NBP/2014
2014-04-30;3.4433;-0.12;083/A/NBP/2014
2014-04-29;3.4474;-0.30;082/A/NBP/2014
2014-04-28;3.4578;0.33;081/A/NBP/2014
2014-04-25;3.4466;0.40;080/A/NBP/2014
2014-04-24;3.4327;-0.03;079/A/NBP/2014
2014-04-23;3.4337;0.09;078/A/NBP/2014
2014-04-22;3.4307;0.04;077/A/NBP/2014
2014-04-18;3.4293;-0.52;076/A/NBP/2014
2014-04-17;3.4471;0.03;075/A/NBP/2014
2014-04-16;3.4461;0.15;074/A/NBP/2014
2014-04-15;3.4409;-0.08;073/A/NBP/2014
2014-04-14;3.4437;0.27;072/A/NBP/2014
2014-04-11;3.4343;0.24;071/A/NBP/2014
2014-04-10;3.4262;0.21;070/A/NBP/2014
2014-04-09;3.4189;0.04;069/A/NBP/2014
2014-04-08;3.4177;0.00;068/A/NBP/2014
2014-04-07;3.4178;0.37;067/A/NBP/2014
2014-04-04;3.4052;-0.36;066/A/NBP/2014
2014-04-03;3.4176;-0.24;065/A/NBP/2014
2014-04-02;3.4258;-0.08;064/A/NBP/2014
2014-04-01;3.4286;0.27;063/A/NBP/2014
2014-03-31;3.4192;-0.01;062/A/NBP/2014
2014-03-28;3.4194;-0.34;061/A/NBP/2014
2014-03-27;3.4309;0.29;060/A/NBP/2014
2014-03-26;3.4211;-0.45;059/A/NBP/2014
2014-03-25;3.4365;-0.24;058/A/NBP/2014
2014-03-24;3.4448;-0.06;057/A/NBP/2014
2014-03-21;3.4468;-0.12;056/A/NBP/2014
2014-03-20;3.4510;-0.08;055/A/NBP/2014
2014-03-19;3.4538;-0.71;054/A/NBP/2014
2014-03-18;3.4786;-0.06;053/A/NBP/2014
2014-03-17;3.4806;-0.18;052/A/NBP/2014
2014-03-14;3.4870;0.24;051/A/NBP/2014
2014-03-13;3.4787;0.04;050/A/NBP/2014
2014-03-12;3.4774;0.43;049/A/NBP/2014
2014-03-11;3.4626;0.47;048/A/NBP/2014
2014-03-10;3.4465;0.30;047/A/NBP/2014
2014-03-07;3.4361;0.27;046/A/NBP/2014
2014-03-06;3.4267;-0.22;045/A/NBP/2014
2014-03-05;3.4344;-0.38;044/A/NBP/2014
2014-03-04;3.4474;-0.38;043/A/NBP/2014
2014-03-03;3.4607;1.16;042/A/NBP/2014
2014-02-28;3.4211;-0.57;041/A/NBP/2014
2014-02-27;3.4407;0.92;040/A/NBP/2014
2014-02-26;3.4094;-0.03;039/A/NBP/2014
2014-02-25;3.4103;-0.05;038/A/NBP/2014
2014-02-24;3.4121;-0.08;037/A/NBP/2014
2014-02-21;3.4149;-0.29;036/A/NBP/2014
2014-02-20;3.4247;0.48;035/A/NBP/2014
2014-02-19;3.4083;0.19;034/A/NBP/2014
2014-02-18;3.4017;0.29;033/A/NBP/2014
2014-02-17;3.3917;-0.17;032/A/NBP/2014
2014-02-14;3.3974;-0.57;031/A/NBP/2014
2014-02-13;3.4170;0.39;030/A/NBP/2014
2014-02-12;3.4036;-0.33;029/A/NBP/2014
2014-02-11;3.4149;-0.14;028/A/NBP/2014
2014-02-10;3.4196;-0.10;027/A/NBP/2014
2014-02-07;3.4229;0.01;026/A/NBP/2014
2014-02-06;3.4227;-0.08;025/A/NBP/2014
2014-02-05;3.4254;-0.68;024/A/NBP/2014
2014-02-04;3.4489;-0.55;023/A/NBP/2014
2014-02-03;3.4678;0.10;022/A/NBP/2014
2014-01-31;3.4644;-0.05;021/A/NBP/2014
2014-01-30;3.4663;0.92;020/A/NBP/2014
2014-01-29;3.4348;0.83;019/A/NBP/2014
2014-01-28;3.4065;-1.32;018/A/NBP/2014
2014-01-27;3.4520;0.83;017/A/NBP/2014
2014-01-24;3.4237;1.16;016/A/NBP/2014
2014-01-23;3.3843;0.25;015/A/NBP/2014
2014-01-22;3.3758;0.15;014/A/NBP/2014
2014-01-21;3.3706;-0.04;013/A/NBP/2014
2014-01-20;3.3719;-0.08;012/A/NBP/2014
2014-01-17;3.3745;0.09;011/A/NBP/2014
2014-01-16;3.3713;0.29;010/A/NBP/2014
2014-01-15;3.3614;-0.35;009/A/NBP/2014
2014-01-14;3.3731;0.04;008/A/NBP/2014
2014-01-13;3.3718;-0.30;007/A/NBP/2014
2014-01-10;3.3818;0.09;006/A/NBP/2014
2014-01-09;3.3787;0.07;005/A/NBP/2014
2014-01-08;3.3765;-0.15;004/A/NBP/2014
2014-01-07;3.3817;-0.20;003/A/NBP/2014
2014-01-03;3.3884;0.20;002/A/NBP/2014
2014-01-02;3.3816;0.00;001/A/NBP/2014
2013-12-31;3.3816;-0.15;251/A/NBP/2013
2013-12-30;3.3866;-0.13;250/A/NBP/2013
2013-12-27;3.3910;0.01;249/A/NBP/2013
2013-12-24;3.3908;-0.16;248/A/NBP/2013
2013-12-23;3.3962;-0.05;247/A/NBP/2013
2013-12-20;3.3978;-0.23;246/A/NBP/2013
2013-12-19;3.4055;-0.45;245/A/NBP/2013
2013-12-18;3.4208;-0.01;244/A/NBP/2013
2013-12-17;3.4212;0.03;243/A/NBP/2013
2013-12-16;3.4202;-0.08;242/A/NBP/2013
2013-12-13;3.4228;-0.07;241/A/NBP/2013
2013-12-12;3.4252;0.09;240/A/NBP/2013
2013-12-11;3.4221;0.12;239/A/NBP/2013
2013-12-10;3.4181;-0.09;238/A/NBP/2013
2013-12-09;3.4211;-0.08;237/A/NBP/2013
2013-12-06;3.4238;0.06;236/A/NBP/2013
2013-12-05;3.4218;0.11;235/A/NBP/2013
2013-12-04;3.4182;0.01;234/A/NBP/2013
2013-12-03;3.4179;0.29;233/A/NBP/2013
2013-12-02;3.4079;-0.01;232/A/NBP/2013
2013-11-29;3.4084;-0.05;231/A/NBP/2013
2013-11-28;3.4101;-0.16;230/A/NBP/2013
2013-11-27;3.4155;0.28;229/A/NBP/2013
2013-11-26;3.4058;-0.04;228/A/NBP/2013
2013-11-25;3.4073;-0.10;227/A/NBP/2013
2013-11-22;3.4108;0.24;226/A/NBP/2013
2013-11-21;3.4027;0.20;225/A/NBP/2013
2013-11-20;3.3960;0.24;224/A/NBP/2013
2013-11-19;3.3880;-0.09;223/A/NBP/2013
2013-11-18;3.3909;-0.05;222/A/NBP/2013
2013-11-15;3.3926;-0.17;221/A/NBP/2013
2013-11-14;3.3984;-0.48;220/A/NBP/2013
2013-11-13;3.4147;0.02;219/A/NBP/2013
2013-11-12;3.4140;0.47;218/A/NBP/2013
2013-11-08;3.3979;0.51;217/A/NBP/2013
2013-11-07;3.3806;-0.21;216/A/NBP/2013
2013-11-06;3.3877;-0.37;215/A/NBP/2013
2013-11-05;3.4004;0.16;214/A/NBP/2013
2013-11-04;3.3950;0.22;213/A/NBP/2013
2013-10-31;3.3875;-0.05;212/A/NBP/2013
2013-10-30;3.3892;-0.03;211/A/NBP/2013
2013-10-29;3.3901;0.07;210/A/NBP/2013
2013-10-28;3.3876;0.51;209/A/NBP/2013
2013-10-25;3.4005;-0.03;208/A/NBP/2013
2013-10-24;3.4016;0.21;207/A/NBP/2013
2013-10-23;3.3944;0.35;206/A/NBP/2013
2013-10-22;3.3827;-0.14;205/A/NBP/2013
2013-10-21;3.3874;0.15;204/A/NBP/2013
2013-10-18;3.3824;-0.10;203/A/NBP/2013
2013-10-17;3.3858;0.13;202/A/NBP/2013
2013-10-16;3.3814;-0.22;201/A/NBP/2013
2013-10-15;3.3889;-0.11;200/A/NBP/2013
2013-10-14;3.3927;-0.15;199/A/NBP/2013
2013-10-11;3.3977;-0.19;198/A/NBP/2013
2013-10-10;3.4041;-0.37;197/A/NBP/2013
2013-10-09;3.4168;0.17;196/A/NBP/2013
2013-10-08;3.4110;-0.68;195/A/NBP/2013
2013-10-07;3.4345;0.10;194/A/NBP/2013
2013-10-04;3.4312;0.01;193/A/NBP/2013
2013-10-03;3.4310;-0.52;192/A/NBP/2013
2013-10-02;3.4488;-0.07;191/A/NBP/2013
2013-10-01;3.4512;0.03;190/A/NBP/2013
2013-09-30;3.4500;-0.02;189/A/NBP/2013
2013-09-27;3.4506;0.37;188/A/NBP/2013
2013-09-26;3.4379;0.30;187/A/NBP/2013
2013-09-25;3.4275;-0.30;186/A/NBP/2013
2013-09-24;3.4379;0.25;185/A/NBP/2013
2013-09-23;3.4292;0.23;184/A/NBP/2013
2013-09-20;3.4215;0.96;183/A/NBP/2013
2013-09-19;3.3889;-0.96;182/A/NBP/2013
2013-09-18;3.4217;0.42;181/A/NBP/2013
2013-09-17;3.4074;0.40;180/A/NBP/2013
2013-09-16;3.3937;-0.26;179/A/NBP/2013
2013-09-13;3.4024;-0.30;178/A/NBP/2013
2013-09-12;3.4128;-0.24;177/A/NBP/2013
2013-09-11;3.4211;-0.74;176/A/NBP/2013
2013-09-10;3.4465;-0.23;175/A/NBP/2013
2013-09-09;3.4543;-0.37;174/A/NBP/2013
2013-09-06;3.4673;0.36;173/A/NBP/2013
2013-09-05;3.4549;-0.10;172/A/NBP/2013
2013-09-04;3.4582;-0.29;171/A/NBP/2013
2013-09-03;3.4681;0.53;170/A/NBP/2013
2013-09-02;3.4497;-0.39;169/A/NBP/2013
2013-08-30;3.4632;-0.48;168/A/NBP/2013
2013-08-29;3.4799;0.50;167/A/NBP/2013
2013-08-28;3.4626;0.30;166/A/NBP/2013
2013-08-27;3.4522;0.72;165/A/NBP/2013
2013-08-26;3.4274;-0.01;164/A/NBP/2013
2013-08-23;3.4278;-0.38;163/A/NBP/2013
2013-08-22;3.4408;-0.19;162/A/NBP/2013
2013-08-21;3.4473;-0.12;161/A/NBP/2013
2013-08-20;3.4513;0.38;160/A/NBP/2013
2013-08-19;3.4384;0.67;159/A/NBP/2013
2013-08-16;3.4154;1.02;158/A/NBP/2013
2013-08-14;3.3810;-0.39;157/A/NBP/2013
2013-08-13;3.3942;-0.28;156/A/NBP/2013
2013-08-12;3.4036;-0.06;155/A/NBP/2013
2013-08-09;3.4055;-0.35;154/A/NBP/2013
2013-08-08;3.4176;-0.09;153/A/NBP/2013
2013-08-07;3.4208;0.04;152/A/NBP/2013
2013-08-06;3.4196;-0.07;151/A/NBP/2013
2013-08-05;3.4221;-0.38;150/A/NBP/2013
2013-08-02;3.4350;-0.06;149/A/NBP/2013
2013-08-01;3.4372;-0.27;148/A/NBP/2013
2013-07-31;3.4465;0.78;147/A/NBP/2013
2013-07-30;3.4198;-0.35;146/A/NBP/2013
2013-07-29;3.4318;0.03;145/A/NBP/2013
2013-07-26;3.4308;0.18;144/A/NBP/2013
2013-07-25;3.4247;0.83;143/A/NBP/2013
2013-07-24;3.3964;-0.45;142/A/NBP/2013
2013-07-23;3.4117;-0.27;141/A/NBP/2013
2013-07-22;3.4209;-0.33;140/A/NBP/2013
2013-07-19;3.4321;-0.02;139/A/NBP/2013
2013-07-18;3.4329;-0.47;138/A/NBP/2013
2013-07-17;3.4492;-0.07;137/A/NBP/2013
2013-07-16;3.4516;-0.34;136/A/NBP/2013
2013-07-15;3.4633;-0.84;135/A/NBP/2013
2013-07-12;3.4928;-0.06;134/A/NBP/2013
2013-07-11;3.4949;0.40;133/A/NBP/2013
2013-07-10;3.4811;0.12;132/A/NBP/2013
2013-07-09;3.4769;-0.12;131/A/NBP/2013
2013-07-08;3.4811;0.37;130/A/NBP/2013
2013-07-05;3.4682;-1.04;129/A/NBP/2013
2013-07-04;3.5048;-0.68;128/A/NBP/2013
2013-07-03;3.5288;0.75;127/A/NBP/2013
2013-07-02;3.5027;-0.28;126/A/NBP/2013
2013-07-01;3.5125;0.13;125/A/NBP/2013
2013-06-28;3.5078;-0.37;124/A/NBP/2013
2013-06-27;3.5207;-0.44;123/A/NBP/2013
2013-06-26;3.5364;0.54;122/A/NBP/2013
2013-06-25;3.5174;-0.82;121/A/NBP/2013
2013-06-24;3.5465;0.50;120/A/NBP/2013
2013-06-21;3.5289;0.60;119/A/NBP/2013
2013-06-20;3.5079;1.58;118/A/NBP/2013
2013-06-19;3.4535;0.24;117/A/NBP/2013
2013-06-18;3.4453;0.25;116/A/NBP/2013
2013-06-17;3.4368;0.36;115/A/NBP/2013
2013-06-14;3.4244;-1.53;114/A/NBP/2013
2013-06-13;3.4775;0.66;113/A/NBP/2013
2013-06-12;3.4548;-0.12;112/A/NBP/2013
2013-06-11;3.4591;0.63;111/A/NBP/2013
2013-06-10;3.4374;-1.77;110/A/NBP/2013
2013-06-07;3.4993;1.13;109/A/NBP/2013
2013-06-06;3.4602;1.27;108/A/NBP/2013
2013-06-05;3.4168;-0.27;107/A/NBP/2013
2013-06-04;3.4259;-0.22;106/A/NBP/2013
2013-06-03;3.4335;-0.68;105/A/NBP/2013
2013-05-31;3.4569;2.18;104/A/NBP/2013
2013-05-29;3.3832;0.99;103/A/NBP/2013
2013-05-28;3.3501;-0.66;102/A/NBP/2013
2013-05-27;3.3723;0.43;101/A/NBP/2013
2013-05-24;3.3579;-0.45;100/A/NBP/2013
2013-05-23;3.3732;1.18;099/A/NBP/2013
2013-05-22;3.3337;-0.69;098/A/NBP/2013
2013-05-21;3.3570;0.34;097/A/NBP/2013
2013-05-20;3.3457;-0.52;096/A/NBP/2013
2013-05-17;3.3633;0.19;095/A/NBP/2013
2013-05-16;3.3570;0.66;094/A/NBP/2013
2013-05-15;3.3349;-0.60;093/A/NBP/2013
2013-05-14;3.3549;0.32;092/A/NBP/2013
2013-05-13;3.3441;0.59;091/A/NBP/2013
2013-05-10;3.3244;-0.98;090/A/NBP/2013
2013-05-09;3.3572;-0.33;089/A/NBP/2013
2013-05-08;3.3684;-0.27;088/A/NBP/2013
2013-05-07;3.3774;0.04;087/A/NBP/2013
2013-05-06;3.3760;-0.56;086/A/NBP/2013
2013-05-02;3.3950;0.38;085/A/NBP/2013
2013-04-30;3.3821;0.20;084/A/NBP/2013
2013-04-29;3.3753;-0.27;083/A/NBP/2013
2013-04-26;3.3843;0.58;082/A/NBP/2013
2013-04-25;3.3648;-0.10;081/A/NBP/2013
2013-04-24;3.3682;-0.47;080/A/NBP/2013
2013-04-23;3.3840;0.52;079/A/NBP/2013
2013-04-22;3.3666;-0.33;078/A/NBP/2013
2013-04-19;3.3777;-0.22;077/A/NBP/2013
2013-04-18;3.3850;0.10;076/A/NBP/2013
2013-04-17;3.3815;-0.17;075/A/NBP/2013
2013-04-16;3.3872;0.04;074/A/NBP/2013
2013-04-15;3.3857;0.07;073/A/NBP/2013
2013-04-12;3.3833;0.42;072/A/NBP/2013
2013-04-11;3.3691;-0.11;071/A/NBP/2013
2013-04-10;3.3727;-0.40;070/A/NBP/2013
2013-04-09;3.3863;-0.80;069/A/NBP/2013
2013-04-08;3.4137;-0.73;068/A/NBP/2013
2013-04-05;3.4389;-0.20;067/A/NBP/2013
2013-04-04;3.4457;0.12;066/A/NBP/2013
2013-04-03;3.4416;-0.02;065/A/NBP/2013
2013-04-02;3.4422;0.29;064/A/NBP/2013
2013-03-29;3.4323;-0.08;063/A/NBP/2013
2013-03-28;3.4349;0.13;062/A/NBP/2013
2013-03-27;3.4304;0.35;061/A/NBP/2013
2013-03-26;3.4184;0.48;060/A/NBP/2013
2013-03-25;3.4019;-0.69;059/A/NBP/2013
2013-03-22;3.4257;0.05;058/A/NBP/2013
2013-03-21;3.4240;0.71;057/A/NBP/2013
2013-03-20;3.3999;0.41;056/A/NBP/2013
2013-03-19;3.3860;-0.32;055/A/NBP/2013
2013-03-18;3.3969;0.59;054/A/NBP/2013
2013-03-15;3.3770;0.69;053/A/NBP/2013
2013-03-14;3.3539;-0.37;052/A/NBP/2013
2013-03-13;3.3663;0.56;051/A/NBP/2013
2013-03-11;3.3475;-0.32;049/A/NBP/2013
2013-03-08;3.3583;-0.14;048/A/NBP/2013
2013-03-07;3.3630;0.36;047/A/NBP/2013
2013-03-06;3.3510;-0.54;046/A/NBP/2013
2013-03-05;3.3691;-0.14;045/A/NBP/2013
2013-03-04;3.3737;-0.32;044/A/NBP/2013
2013-03-01;3.3846;-0.66;043/A/NBP/2013
2013-02-28;3.4072;-0.38;042/A/NBP/2013
2013-02-27;3.4203;0.17;041/A/NBP/2013
2013-02-26;3.4145;0.79;040/A/NBP/2013
2013-02-25;3.3878;0.24;039/A/NBP/2013
2013-02-22;3.3797;-0.48;038/A/NBP/2013
2013-02-21;3.3960;0.69;037/A/NBP/2013
2013-02-20;3.3728;-0.65;036/A/NBP/2013
2013-02-19;3.3949;-0.22;035/A/NBP/2013
2013-02-18;3.4024;-0.11;034/A/NBP/2013
2013-02-15;3.4061;0.61;033/A/NBP/2013
2013-02-14;3.3853;0.19;032/A/NBP/2013
2013-02-13;3.3788;-0.36;031/A/NBP/2013
2013-02-12;3.3909;0.25;030/A/NBP/2013
2013-02-11;3.3823;-0.18;029/A/NBP/2013
2013-02-08;3.3884;-0.39;028/A/NBP/2013
2013-02-07;3.4017;0.52;027/A/NBP/2013
2013-02-06;3.3841;-0.26;026/A/NBP/2013
2013-02-05;3.3929;1.09;025/A/NBP/2013
2013-02-04;3.3564;-1.26;024/A/NBP/2013
2013-02-01;3.3991;0.30;023/A/NBP/2013
2013-01-31;3.3890;0.78;022/A/NBP/2013
2013-01-30;3.3629;-0.40;021/A/NBP/2013
2013-01-29;3.3763;0.69;020/A/NBP/2013
2013-01-28;3.3531;-0.44;019/A/NBP/2013
2013-01-25;3.3680;-0.52;018/A/NBP/2013
2013-01-24;3.3857;0.80;017/A/NBP/2013
2013-01-23;3.3587;-0.30;016/A/NBP/2013
2013-01-22;3.3689;0.12;015/A/NBP/2013
2013-01-21;3.3648;1.76;014/A/NBP/2013
2013-01-18;3.3067;-0.19;013/A/NBP/2013
2013-01-17;3.3129;-0.92;012/A/NBP/2013
2013-01-16;3.3437;0.32;011/A/NBP/2013
2013-01-15;3.3330;-1.02;010/A/NBP/2013
2013-01-14;3.3674;-0.06;009/A/NBP/2013
2013-01-11;3.3693;-0.07;008/A/NBP/2013
2013-01-10;3.3718;-1.05;007/A/NBP/2013
2013-01-09;3.4075;-0.14;006/A/NBP/2013
2013-01-08;3.4123;0.09;005/A/NBP/2013
2013-01-07;3.4094;-0.04;004/A/NBP/2013
2013-01-04;3.4106;1.15;003/A/NBP/2013
2013-01-03;3.3717;0.21;002/A/NBP/2013
2013-01-02;3.3647;-0.65;001/A/NBP/2013
2012-12-31;3.3868;0.42;252/A/NBP/2012
2012-12-28;3.3725;-0.34;251/A/NBP/2012
2012-12-27;3.3839;0.40;250/A/NBP/2012
2012-12-24;3.3705;0.14;249/A/NBP/2012
2012-12-21;3.3657;-0.17;248/A/NBP/2012
2012-12-20;3.3716;-0.43;247/A/NBP/2012
2012-12-19;3.3703;-0.89;246/A/NBP/2012
2012-12-18;3.3860;0.14;245/A/NBP/2012
2012-12-17;3.3811;-0.11;244/A/NBP/2012
2012-12-14;3.3847;0.04;243/A/NBP/2012
2012-12-13;3.3834;0.17;242/A/NBP/2012
2012-12-12;3.3775;-0.28;241/A/NBP/2012
2012-12-11;3.3870;-0.94;240/A/NBP/2012
2012-12-10;3.4193;0.08;239/A/NBP/2012
2012-12-07;3.4166;0.40;238/A/NBP/2012
2012-12-06;3.4031;0.22;237/A/NBP/2012
2012-12-05;3.3956;-0.16;236/A/NBP/2012
2012-12-04;3.4010;-0.12;235/A/NBP/2012
2012-12-03;3.4050;-0.11;234/A/NBP/2012
2012-11-30;3.4088;0.19;233/A/NBP/2012
2012-11-29;3.4025;-0.37;232/A/NBP/2012
2012-11-28;3.4151;0.31;231/A/NBP/2012
2012-11-27;3.4044;-0.38;230/A/NBP/2012
2012-11-26;3.4173;-0.10;229/A/NBP/2012
2012-11-23;3.4208;0.15;228/A/NBP/2012
2012-11-22;3.4158;-0.32;227/A/NBP/2012
2012-11-21;3.4267;-0.22;226/A/NBP/2012
2012-11-20;3.4342;-0.32;225/A/NBP/2012
2012-11-19;3.4452;-0.34;224/A/NBP/2012
2012-11-16;3.4570;-0.20;223/A/NBP/2012
2012-11-15;3.4639;-0.13;222/A/NBP/2012
2012-11-14;3.4685;-0.01;221/A/NBP/2012
2012-11-13;3.4688;0.36;220/A/NBP/2012
2012-11-12;3.4565;0.43;219/A/NBP/2012
2012-11-09;3.4418;-0.23;218/A/NBP/2012
2012-11-08;3.4496;1.29;217/A/NBP/2012
2012-11-07;3.4058;-0.23;216/A/NBP/2012
2012-11-06;3.4135;-0.07;215/A/NBP/2012
2012-11-05;3.4158;0.14;214/A/NBP/2012
2012-11-02;3.4109;-0.41;213/A/NBP/2012
2012-10-31;3.4249;-0.09;212/A/NBP/2012
2012-10-30;3.4279;-0.09;211/A/NBP/2012
2012-10-29;3.4310;-0.08;210/A/NBP/2012
2012-10-26;3.4336;0.28;209/A/NBP/2012
2012-10-25;3.4240;0.10;208/A/NBP/2012
2012-10-24;3.4206;0.27;207/A/NBP/2012
2012-10-23;3.4114;0.57;206/A/NBP/2012
2012-10-22;3.3921;-0.22;205/A/NBP/2012
2012-10-19;3.3996;0.20;204/A/NBP/2012
2012-10-18;3.3928;0.26;203/A/NBP/2012
2012-10-17;3.3839;0.05;202/A/NBP/2012
2012-10-16;3.3822;-0.04;201/A/NBP/2012
2012-10-15;3.3835;-0.09;200/A/NBP/2012
2012-10-12;3.3866;-0.22;199/A/NBP/2012
2012-10-11;3.3942;0.77;198/A/NBP/2012
2012-10-10;3.3683;0.21;197/A/NBP/2012
2012-10-09;3.3613;-0.20;196/A/NBP/2012
2012-10-08;3.3679;0.09;195/A/NBP/2012
2012-10-05;3.3649;-0.35;194/A/NBP/2012
2012-10-04;3.3768;-0.81;193/A/NBP/2012
2012-10-03;3.4044;0.18;192/A/NBP/2012
2012-10-02;3.3982;0.17;191/A/NBP/2012
2012-10-01;3.3925;-0.24;190/A/NBP/2012
2012-09-28;3.4008;-0.97;189/A/NBP/2012
2012-09-27;3.4342;0.27;188/A/NBP/2012
2012-09-26;3.4251;-0.15;187/A/NBP/2012
2012-09-25;3.4301;-0.16;186/A/NBP/2012
2012-09-24;3.4356;0.67;185/A/NBP/2012
2012-09-21;3.4126;-0.91;184/A/NBP/2012
2012-09-20;3.4440;1.07;183/A/NBP/2012
2012-09-19;3.4075;0.19;182/A/NBP/2012
2012-09-18;3.4012;1.14;181/A/NBP/2012
2012-09-17;3.3628;0.75;180/A/NBP/2012
2012-09-14;3.3379;-1.72;179/A/NBP/2012
2012-09-13;3.3963;0.63;178/A/NBP/2012
2012-09-12;3.3749;-0.81;177/A/NBP/2012
2012-09-11;3.4023;0.15;176/A/NBP/2012
2012-09-10;3.3971;-0.29;175/A/NBP/2012
2012-09-07;3.4071;-1.27;174/A/NBP/2012
2012-09-06;3.4508;-1.68;173/A/NBP/2012
2012-09-05;3.5096;0.49;172/A/NBP/2012
2012-09-04;3.4926;-0.09;171/A/NBP/2012
2012-09-03;3.4958;0.34;170/A/NBP/2012
2012-08-31;3.4839;-0.21;169/A/NBP/2012
2012-08-30;3.4911;0.92;168/A/NBP/2012
2012-08-29;3.4592;1.47;167/A/NBP/2012
2012-08-28;3.4091;0.39;166/A/NBP/2012
2012-08-27;3.3959;-0.55;165/A/NBP/2012
2012-08-24;3.4147;0.61;164/A/NBP/2012
2012-08-23;3.3939;0.09;163/A/NBP/2012
2012-08-22;3.3908;0.10;162/A/NBP/2012
2012-08-21;3.3874;0.01;161/A/NBP/2012
2012-08-20;3.3871;0.01;160/A/NBP/2012