Date,Close Price,Symbol
7/18/2010 0:00,0.09,BTC
7/19/2010 0:00,0.08,BTC
7/20/2010 0:00,0.07,BTC
7/21/2010 0:00,0.08,BTC
7/22/2010 0:00,0.05,BTC
7/23/2010 0:00,0.06,BTC
7/24/2010 0:00,0.05,BTC
7/25/2010 0:00,0.05,BTC
7/26/2010 0:00,0.06,BTC
7/27/2010 0:00,0.06,BTC
7/28/2010 0:00,0.06,BTC
7/29/2010 0:00,0.07,BTC
7/30/2010 0:00,0.06,BTC
7/31/2010 0:00,0.07,BTC
8/1/2010 0:00,0.06,BTC
8/2/2010 0:00,0.06,BTC
8/3/2010 0:00,0.06,BTC
8/4/2010 0:00,0.06,BTC
8/5/2010 0:00,0.06,BTC
8/6/2010 0:00,0.06,BTC
8/7/2010 0:00,0.06,BTC
8/8/2010 0:00,0.06,BTC
8/9/2010 0:00,0.07,BTC
8/10/2010 0:00,0.07,BTC
8/11/2010 0:00,0.07,BTC
8/12/2010 0:00,0.07,BTC
8/13/2010 0:00,0.06,BTC
8/14/2010 0:00,0.07,BTC
8/15/2010 0:00,0.07,BTC
8/16/2010 0:00,0.07,BTC
8/17/2010 0:00,0.07,BTC
8/18/2010 0:00,0.07,BTC
8/19/2010 0:00,0.07,BTC
8/20/2010 0:00,0.07,BTC
8/21/2010 0:00,0.07,BTC
8/22/2010 0:00,0.07,BTC
8/23/2010 0:00,0.06,BTC
8/24/2010 0:00,0.06,BTC
8/25/2010 0:00,0.06,BTC
8/26/2010 0:00,0.06,BTC
8/27/2010 0:00,0.06,BTC
8/28/2010 0:00,0.06,BTC
8/29/2010 0:00,0.06,BTC
8/30/2010 0:00,0.06,BTC
8/31/2010 0:00,0.06,BTC
9/1/2010 0:00,0.06,BTC
9/2/2010 0:00,0.06,BTC
9/3/2010 0:00,0.06,BTC
9/4/2010 0:00,0.06,BTC
9/5/2010 0:00,0.06,BTC
9/6/2010 0:00,0.06,BTC
9/7/2010 0:00,0.06,BTC
9/8/2010 0:00,0.06,BTC
9/9/2010 0:00,0.06,BTC
9/10/2010 0:00,0.06,BTC
9/11/2010 0:00,0.06,BTC
9/12/2010 0:00,0.06,BTC
9/13/2010 0:00,0.06,BTC
9/14/2010 0:00,0.06,BTC
9/15/2010 0:00,0.06,BTC
9/16/2010 0:00,0.06,BTC
9/17/2010 0:00,0.06,BTC
9/18/2010 0:00,0.06,BTC
9/19/2010 0:00,0.06,BTC
9/20/2010 0:00,0.06,BTC
9/21/2010 0:00,0.06,BTC
9/22/2010 0:00,0.06,BTC
9/23/2010 0:00,0.06,BTC
9/24/2010 0:00,0.06,BTC
9/25/2010 0:00,0.06,BTC
9/26/2010 0:00,0.06,BTC
9/27/2010 0:00,0.06,BTC
9/28/2010 0:00,0.06,BTC
9/29/2010 0:00,0.06,BTC
9/30/2010 0:00,0.06,BTC
10/1/2010 0:00,0.06,BTC
10/2/2010 0:00,0.06,BTC
10/3/2010 0:00,0.06,BTC
10/4/2010 0:00,0.06,BTC
10/5/2010 0:00,0.06,BTC
10/6/2010 0:00,0.06,BTC
10/7/2010 0:00,0.07,BTC
10/8/2010 0:00,0.09,BTC
10/9/2010 0:00,0.09,BTC
10/10/2010 0:00,0.1,BTC
10/11/2010 0:00,0.09,BTC
10/12/2010 0:00,0.09,BTC
10/13/2010 0:00,0.1,BTC
10/14/2010 0:00,0.1,BTC
10/15/2010 0:00,0.1,BTC
10/16/2010 0:00,0.1,BTC
10/17/2010 0:00,0.1,BTC
10/18/2010 0:00,0.1,BTC
10/19/2010 0:00,0.1,BTC
10/20/2010 0:00,0.1,BTC
10/21/2010 0:00,0.11,BTC
10/22/2010 0:00,0.1,BTC
10/23/2010 0:00,0.11,BTC
10/24/2010 0:00,0.11,BTC
10/25/2010 0:00,0.13,BTC
10/26/2010 0:00,0.15,BTC
10/27/2010 0:00,0.19,BTC
10/28/2010 0:00,0.17,BTC
10/29/2010 0:00,0.19,BTC
10/30/2010 0:00,0.2,BTC
10/31/2010 0:00,0.19,BTC
11/1/2010 0:00,0.2,BTC
11/2/2010 0:00,0.19,BTC
11/3/2010 0:00,0.19,BTC
11/4/2010 0:00,0.23,BTC
11/5/2010 0:00,0.26,BTC
11/6/2010 0:00,0.39,BTC
11/7/2010 0:00,0.34,BTC
11/8/2010 0:00,0.24,BTC
11/9/2010 0:00,0.21,BTC
11/10/2010 0:00,0.24,BTC
11/11/2010 0:00,0.22,BTC
11/12/2010 0:00,0.27,BTC
11/13/2010 0:00,0.28,BTC
11/14/2010 0:00,0.28,BTC
11/15/2010 0:00,0.27,BTC
11/16/2010 0:00,0.22,BTC
11/17/2010 0:00,0.23,BTC
11/18/2010 0:00,0.27,BTC
11/19/2010 0:00,0.28,BTC
11/20/2010 0:00,0.28,BTC
11/21/2010 0:00,0.28,BTC
11/22/2010 0:00,0.29,BTC
11/23/2010 0:00,0.28,BTC
11/24/2010 0:00,0.28,BTC
11/25/2010 0:00,0.28,BTC
11/26/2010 0:00,0.28,BTC
11/27/2010 0:00,0.28,BTC
11/28/2010 0:00,0.27,BTC
11/29/2010 0:00,0.23,BTC
11/30/2010 0:00,0.21,BTC
12/1/2010 0:00,0.23,BTC
12/2/2010 0:00,0.25,BTC
12/3/2010 0:00,0.25,BTC
12/4/2010 0:00,0.2,BTC
12/5/2010 0:00,0.19,BTC
12/6/2010 0:00,0.2,BTC
12/7/2010 0:00,0.23,BTC
12/8/2010 0:00,0.24,BTC
12/9/2010 0:00,0.2,BTC
12/10/2010 0:00,0.2,BTC
12/11/2010 0:00,0.23,BTC
12/12/2010 0:00,0.22,BTC
12/13/2010 0:00,0.23,BTC
12/14/2010 0:00,0.25,BTC
12/15/2010 0:00,0.24,BTC
12/16/2010 0:00,0.25,BTC
12/17/2010 0:00,0.24,BTC
12/18/2010 0:00,0.24,BTC
12/19/2010 0:00,0.24,BTC
12/20/2010 0:00,0.27,BTC
12/21/2010 0:00,0.24,BTC
12/22/2010 0:00,0.25,BTC
12/23/2010 0:00,0.25,BTC
12/24/2010 0:00,0.25,BTC
12/25/2010 0:00,0.25,BTC
12/26/2010 0:00,0.26,BTC
12/27/2010 0:00,0.26,BTC
12/28/2010 0:00,0.28,BTC
12/29/2010 0:00,0.3,BTC
12/30/2010 0:00,0.3,BTC
12/31/2010 0:00,0.3,BTC
1/1/2011 0:00,0.3,BTC
1/2/2011 0:00,0.3,BTC
1/3/2011 0:00,0.29,BTC
1/4/2011 0:00,0.3,BTC
1/5/2011 0:00,0.3,BTC
1/6/2011 0:00,0.3,BTC
1/7/2011 0:00,0.32,BTC
1/8/2011 0:00,0.32,BTC
1/9/2011 0:00,0.32,BTC
1/10/2011 0:00,0.33,BTC
1/11/2011 0:00,0.33,BTC
1/12/2011 0:00,0.32,BTC
1/13/2011 0:00,0.32,BTC
1/14/2011 0:00,0.4,BTC
1/15/2011 0:00,0.39,BTC
1/16/2011 0:00,0.39,BTC
1/17/2011 0:00,0.35,BTC
1/18/2011 0:00,0.31,BTC
1/19/2011 0:00,0.31,BTC
1/20/2011 0:00,0.39,BTC
1/21/2011 0:00,0.42,BTC
1/22/2011 0:00,0.44,BTC
1/23/2011 0:00,0.44,BTC
1/24/2011 0:00,0.42,BTC
1/25/2011 0:00,0.41,BTC
1/26/2011 0:00,0.42,BTC
1/27/2011 0:00,0.42,BTC
1/28/2011 0:00,0.45,BTC
1/29/2011 0:00,0.44,BTC
1/30/2011 0:00,0.48,BTC
1/31/2011 0:00,0.52,BTC
2/1/2011 0:00,0.7,BTC
2/2/2011 0:00,0.72,BTC
2/3/2011 0:00,0.69,BTC
2/4/2011 0:00,0.81,BTC
2/5/2011 0:00,0.92,BTC
2/6/2011 0:00,0.9,BTC
2/7/2011 0:00,0.89,BTC
2/8/2011 0:00,0.92,BTC
2/9/2011 0:00,1.09,BTC
2/10/2011 0:00,0.98,BTC
2/11/2011 0:00,1.07,BTC
2/12/2011 0:00,1.08,BTC
2/13/2011 0:00,1.05,BTC
2/14/2011 0:00,1.07,BTC
2/15/2011 0:00,1.05,BTC
2/16/2011 0:00,1.04,BTC
2/17/2011 0:00,1.04,BTC
2/18/2011 0:00,0.9,BTC
2/19/2011 0:00,0.95,BTC
2/20/2011 0:00,0.85,BTC
2/21/2011 0:00,0.83,BTC
2/22/2011 0:00,0.87,BTC
2/23/2011 0:00,0.9,BTC
2/24/2011 0:00,1,BTC
2/25/2011 0:00,0.91,BTC
2/26/2011 0:00,0.96,BTC
2/27/2011 0:00,0.89,BTC
2/28/2011 0:00,0.86,BTC
3/1/2011 0:00,0.92,BTC
3/2/2011 0:00,0.94,BTC
3/3/2011 0:00,0.94,BTC
3/4/2011 0:00,0.9,BTC
3/5/2011 0:00,0.91,BTC
3/6/2011 0:00,0.9,BTC
3/7/2011 0:00,0.88,BTC
3/8/2011 0:00,0.87,BTC
3/9/2011 0:00,0.86,BTC
3/10/2011 0:00,0.93,BTC
3/11/2011 0:00,0.88,BTC
3/12/2011 0:00,0.92,BTC
3/13/2011 0:00,0.89,BTC
3/14/2011 0:00,0.89,BTC
3/15/2011 0:00,0.87,BTC
3/16/2011 0:00,0.86,BTC
3/17/2011 0:00,0.83,BTC
3/18/2011 0:00,0.82,BTC
3/19/2011 0:00,0.76,BTC
3/20/2011 0:00,0.74,BTC
3/21/2011 0:00,0.76,BTC
3/22/2011 0:00,0.81,BTC
3/23/2011 0:00,0.85,BTC
3/24/2011 0:00,0.87,BTC
3/25/2011 0:00,0.88,BTC
3/26/2011 0:00,0.86,BTC
3/27/2011 0:00,0.82,BTC
3/28/2011 0:00,0.8,BTC
3/29/2011 0:00,0.79,BTC
3/30/2011 0:00,0.79,BTC
3/31/2011 0:00,0.78,BTC
4/1/2011 0:00,0.77,BTC
4/2/2011 0:00,0.78,BTC
4/3/2011 0:00,0.78,BTC
4/4/2011 0:00,0.68,BTC
4/5/2011 0:00,0.71,BTC
4/6/2011 0:00,0.74,BTC
4/7/2011 0:00,0.75,BTC
4/8/2011 0:00,0.75,BTC
4/9/2011 0:00,0.73,BTC
4/10/2011 0:00,0.74,BTC
4/11/2011 0:00,0.77,BTC
4/12/2011 0:00,0.86,BTC
4/13/2011 0:00,0.92,BTC
4/14/2011 0:00,1,BTC
4/15/2011 0:00,0.99,BTC
4/16/2011 0:00,1.05,BTC
4/17/2011 0:00,1.11,BTC
4/18/2011 0:00,1.16,BTC
4/19/2011 0:00,1.2,BTC
4/20/2011 0:00,1.14,BTC
4/21/2011 0:00,1.21,BTC
4/22/2011 0:00,1.41,BTC
4/23/2011 0:00,1.7,BTC
4/24/2011 0:00,1.63,BTC
4/25/2011 0:00,1.56,BTC
4/26/2011 0:00,1.79,BTC
4/27/2011 0:00,1.9,BTC
4/28/2011 0:00,2.21,BTC
4/29/2011 0:00,2.88,BTC
4/30/2011 0:00,3.5,BTC
5/1/2011 0:00,3.03,BTC
5/2/2011 0:00,3.2,BTC
5/3/2011 0:00,3.41,BTC
5/4/2011 0:00,3.41,BTC
5/5/2011 0:00,3.33,BTC
5/6/2011 0:00,3.45,BTC
5/7/2011 0:00,3.64,BTC
5/8/2011 0:00,3.87,BTC
5/9/2011 0:00,3.8,BTC
5/10/2011 0:00,5.81,BTC
5/11/2011 0:00,5.5,BTC
5/12/2011 0:00,6.3,BTC
5/13/2011 0:00,8.2,BTC
5/14/2011 0:00,7.2,BTC
5/15/2011 0:00,6.99,BTC
5/16/2011 0:00,8.03,BTC
5/17/2011 0:00,7.19,BTC
5/18/2011 0:00,6.88,BTC
5/19/2011 0:00,6.8,BTC
5/20/2011 0:00,5.59,BTC
5/21/2011 0:00,6.12,BTC
5/22/2011 0:00,6.69,BTC
5/23/2011 0:00,7.15,BTC
5/24/2011 0:00,7.42,BTC
5/25/2011 0:00,8.4,BTC
5/26/2011 0:00,8.8,BTC
5/27/2011 0:00,8.5,BTC
5/28/2011 0:00,8.3,BTC
5/29/2011 0:00,8.43,BTC
5/30/2011 0:00,8.8,BTC
5/31/2011 0:00,8.74,BTC
6/1/2011 0:00,9.57,BTC
6/2/2011 0:00,10.6,BTC
6/3/2011 0:00,14.29,BTC
6/4/2011 0:00,18.89,BTC
6/5/2011 0:00,16.7,BTC
6/6/2011 0:00,18.55,BTC
6/7/2011 0:00,23.92,BTC
6/8/2011 0:00,29.6,BTC
6/9/2011 0:00,28.92,BTC
6/10/2011 0:00,23.95,BTC
6/11/2011 0:00,14.65,BTC
6/12/2011 0:00,18.55,BTC
6/13/2011 0:00,19.84,BTC
6/14/2011 0:00,19.28,BTC
6/15/2011 0:00,19.49,BTC
6/16/2011 0:00,17,BTC
6/17/2011 0:00,15.68,BTC
6/18/2011 0:00,16.89,BTC
6/19/2011 0:00,17.51,BTC
6/20/2011 0:00,17.51,BTC
6/21/2011 0:00,17.51,BTC
6/22/2011 0:00,17.51,BTC
6/23/2011 0:00,17.51,BTC
6/24/2011 0:00,17.51,BTC
6/25/2011 0:00,17.51,BTC
6/26/2011 0:00,16.45,BTC
6/27/2011 0:00,16.75,BTC
6/28/2011 0:00,16.95,BTC
6/29/2011 0:00,16.84,BTC
6/30/2011 0:00,16.1,BTC
7/1/2011 0:00,15.4,BTC
7/2/2011 0:00,15.4,BTC
7/3/2011 0:00,15.44,BTC
7/4/2011 0:00,13.86,BTC
7/5/2011 0:00,12.91,BTC
7/6/2011 0:00,14.78,BTC
7/7/2011 0:00,14.78,BTC
7/8/2011 0:00,14.31,BTC
7/9/2011 0:00,14.38,BTC
7/10/2011 0:00,14.9,BTC
7/11/2011 0:00,14.21,BTC
7/12/2011 0:00,14.01,BTC
7/13/2011 0:00,13.95,BTC
7/14/2011 0:00,13.99,BTC
7/15/2011 0:00,13.81,BTC
7/16/2011 0:00,13.72,BTC
7/17/2011 0:00,13.16,BTC
7/18/2011 0:00,13.48,BTC
7/19/2011 0:00,13.85,BTC
7/20/2011 0:00,13.69,BTC
7/21/2011 0:00,13.61,BTC
7/22/2011 0:00,13.7,BTC
7/23/2011 0:00,13.68,BTC
7/24/2011 0:00,13.98,BTC
7/25/2011 0:00,14.05,BTC
7/26/2011 0:00,13.88,BTC
7/27/2011 0:00,13.94,BTC
7/28/2011 0:00,13.49,BTC
7/29/2011 0:00,13.5,BTC
7/30/2011 0:00,13.53,BTC
7/31/2011 0:00,13.35,BTC
8/1/2011 0:00,13.09,BTC
8/2/2011 0:00,12.05,BTC
8/3/2011 0:00,9.26,BTC
8/4/2011 0:00,10.75,BTC
8/5/2011 0:00,9.8,BTC
8/6/2011 0:00,6.55,BTC
8/7/2011 0:00,7.9,BTC
8/8/2011 0:00,7.8,BTC
8/9/2011 0:00,9.99,BTC
8/10/2011 0:00,9.98,BTC
8/11/2011 0:00,9.46,BTC
8/12/2011 0:00,9.46,BTC
8/13/2011 0:00,10.13,BTC
8/14/2011 0:00,10.8,BTC
8/15/2011 0:00,11.15,BTC
8/16/2011 0:00,10.96,BTC
8/17/2011 0:00,10.95,BTC
8/18/2011 0:00,10.83,BTC
8/19/2011 0:00,11.65,BTC
8/20/2011 0:00,11.45,BTC
8/21/2011 0:00,11.31,BTC
8/22/2011 0:00,10.89,BTC
8/23/2011 0:00,10.94,BTC
8/24/2011 0:00,10.85,BTC
8/25/2011 0:00,9.66,BTC
8/26/2011 0:00,8.18,BTC
8/27/2011 0:00,8.59,BTC
8/28/2011 0:00,9.07,BTC
8/29/2011 0:00,8.97,BTC
8/30/2011 0:00,8.79,BTC
8/31/2011 0:00,8.2,BTC
9/1/2011 0:00,8.21,BTC
9/2/2011 0:00,8.64,BTC
9/3/2011 0:00,8.48,BTC
9/4/2011 0:00,8.18,BTC
9/5/2011 0:00,7.61,BTC
9/6/2011 0:00,6.86,BTC
9/7/2011 0:00,7.19,BTC
9/8/2011 0:00,6.53,BTC
9/9/2011 0:00,5.03,BTC
9/10/2011 0:00,4.77,BTC
9/11/2011 0:00,5.86,BTC
9/12/2011 0:00,6.08,BTC
9/13/2011 0:00,5.8,BTC
9/14/2011 0:00,5.62,BTC
9/15/2011 0:00,4.84,BTC
9/16/2011 0:00,4.82,BTC
9/17/2011 0:00,4.77,BTC
9/18/2011 0:00,5.2,BTC
9/19/2011 0:00,5.46,BTC
9/20/2011 0:00,6.11,BTC
9/21/2011 0:00,5.61,BTC
9/22/2011 0:00,5.43,BTC
9/23/2011 0:00,5.55,BTC
9/24/2011 0:00,5.47,BTC
9/25/2011 0:00,5.33,BTC
9/26/2011 0:00,4.87,BTC
9/27/2011 0:00,4.92,BTC
9/28/2011 0:00,4.77,BTC
9/29/2011 0:00,4.78,BTC
9/30/2011 0:00,5.14,BTC
10/1/2011 0:00,5.03,BTC
10/2/2011 0:00,5.03,BTC
10/3/2011 0:00,5.02,BTC
10/4/2011 0:00,4.96,BTC
10/5/2011 0:00,4.87,BTC
10/6/2011 0:00,4.73,BTC
10/7/2011 0:00,4.27,BTC
10/8/2011 0:00,4.01,BTC
10/9/2011 0:00,4.1,BTC
10/10/2011 0:00,4.1,BTC
10/11/2011 0:00,3.93,BTC
10/12/2011 0:00,4.15,BTC
10/13/2011 0:00,4.05,BTC
10/14/2011 0:00,3.99,BTC
10/15/2011 0:00,3.84,BTC
10/16/2011 0:00,3.56,BTC
10/17/2011 0:00,2.56,BTC
10/18/2011 0:00,2.42,BTC
10/19/2011 0:00,2.27,BTC
10/20/2011 0:00,2.35,BTC
10/21/2011 0:00,2.57,BTC
10/22/2011 0:00,3.16,BTC
10/23/2011 0:00,3.17,BTC
10/24/2011 0:00,2.54,BTC
10/25/2011 0:00,2.77,BTC
10/26/2011 0:00,2.77,BTC
10/27/2011 0:00,3.04,BTC
10/28/2011 0:00,3.19,BTC
10/29/2011 0:00,3.58,BTC
10/30/2011 0:00,3.27,BTC
10/31/2011 0:00,3.25,BTC
11/1/2011 0:00,3.15,BTC
11/2/2011 0:00,3.25,BTC
11/3/2011 0:00,3.15,BTC
11/4/2011 0:00,3.11,BTC
11/5/2011 0:00,2.97,BTC
11/6/2011 0:00,2.96,BTC
11/7/2011 0:00,3.01,BTC
11/8/2011 0:00,3.03,BTC
11/9/2011 0:00,2.95,BTC
11/10/2011 0:00,2.84,BTC
11/11/2011 0:00,3.08,BTC
11/12/2011 0:00,3.03,BTC
11/13/2011 0:00,3,BTC
11/14/2011 0:00,2.22,BTC
11/15/2011 0:00,2.33,BTC
11/16/2011 0:00,2.56,BTC
11/17/2011 0:00,2.25,BTC
11/18/2011 0:00,2.05,BTC
11/19/2011 0:00,2.2,BTC
11/20/2011 0:00,2.2,BTC
11/21/2011 0:00,2.29,BTC
11/22/2011 0:00,2.33,BTC
11/23/2011 0:00,2.33,BTC
11/24/2011 0:00,2.43,BTC
11/25/2011 0:00,2.51,BTC
11/26/2011 0:00,2.47,BTC
11/27/2011 0:00,2.48,BTC
11/28/2011 0:00,2.55,BTC
11/29/2011 0:00,2.75,BTC
11/30/2011 0:00,2.97,BTC
12/1/2011 0:00,3.06,BTC
12/2/2011 0:00,3.12,BTC
12/3/2011 0:00,2.79,BTC
12/4/2011 0:00,2.83,BTC
12/5/2011 0:00,2.88,BTC
12/6/2011 0:00,3.03,BTC
12/7/2011 0:00,2.99,BTC
12/8/2011 0:00,2.98,BTC
12/9/2011 0:00,2.97,BTC
12/10/2011 0:00,3.05,BTC
12/11/2011 0:00,3.25,BTC
12/12/2011 0:00,3.13,BTC
12/13/2011 0:00,3.25,BTC
12/14/2011 0:00,3.15,BTC
12/15/2011 0:00,3.2,BTC
12/16/2011 0:00,3.2,BTC
12/17/2011 0:00,3.2,BTC
12/18/2011 0:00,3.19,BTC
12/19/2011 0:00,3.52,BTC
12/20/2011 0:00,3.95,BTC
12/21/2011 0:00,3.89,BTC
12/22/2011 0:00,3.89,BTC
12/23/2011 0:00,3.95,BTC
12/24/2011 0:00,3.94,BTC
12/25/2011 0:00,4.22,BTC
12/26/2011 0:00,4.02,BTC
12/27/2011 0:00,4.07,BTC
12/28/2011 0:00,4.19,BTC
12/29/2011 0:00,4.17,BTC
12/30/2011 0:00,4.25,BTC
12/31/2011 0:00,4.72,BTC
1/1/2012 0:00,5.27,BTC
1/2/2012 0:00,5.22,BTC
1/3/2012 0:00,4.88,BTC
1/4/2012 0:00,5.57,BTC
1/5/2012 0:00,6.95,BTC
1/6/2012 0:00,6.7,BTC
1/7/2012 0:00,6.81,BTC
1/8/2012 0:00,7.11,BTC
1/9/2012 0:00,6.33,BTC
1/10/2012 0:00,6.36,BTC
1/11/2012 0:00,6.9,BTC
1/12/2012 0:00,6.8,BTC
1/13/2012 0:00,6.41,BTC
1/14/2012 0:00,6.75,BTC
1/15/2012 0:00,7,BTC
1/16/2012 0:00,6.68,BTC
1/17/2012 0:00,5.6,BTC
1/18/2012 0:00,5.92,BTC
1/19/2012 0:00,6.36,BTC
1/20/2012 0:00,6.49,BTC
1/21/2012 0:00,6.18,BTC
1/22/2012 0:00,6.31,BTC
1/23/2012 0:00,6.36,BTC
1/24/2012 0:00,6.29,BTC
1/25/2012 0:00,5.75,BTC
1/26/2012 0:00,5.34,BTC
1/27/2012 0:00,5.29,BTC
1/28/2012 0:00,5.63,BTC
1/29/2012 0:00,5.38,BTC
1/30/2012 0:00,5.49,BTC
1/31/2012 0:00,5.48,BTC
2/1/2012 0:00,6.08,BTC
2/2/2012 0:00,6.1,BTC
2/3/2012 0:00,5.96,BTC
2/4/2012 0:00,5.87,BTC
2/5/2012 0:00,5.69,BTC
2/6/2012 0:00,5.45,BTC
2/7/2012 0:00,5.69,BTC
2/8/2012 0:00,5.6,BTC
2/9/2012 0:00,5.83,BTC
2/10/2012 0:00,5.91,BTC
2/11/2012 0:00,5.6,BTC
2/12/2012 0:00,5.51,BTC
2/13/2012 0:00,5.26,BTC
2/14/2012 0:00,4.46,BTC
2/15/2012 0:00,4.33,BTC
2/16/2012 0:00,4.27,BTC
2/17/2012 0:00,4.41,BTC
2/18/2012 0:00,4.22,BTC
2/19/2012 0:00,4.39,BTC
2/20/2012 0:00,4.36,BTC
2/21/2012 0:00,4.27,BTC
2/22/2012 0:00,4.42,BTC
2/23/2012 0:00,5.01,BTC
2/24/2012 0:00,5.03,BTC
2/25/2012 0:00,4.77,BTC
2/26/2012 0:00,4.92,BTC
2/27/2012 0:00,4.96,BTC
2/28/2012 0:00,4.87,BTC
2/29/2012 0:00,4.86,BTC
3/1/2012 0:00,4.92,BTC
3/2/2012 0:00,4.7,BTC
3/3/2012 0:00,4.61,BTC
3/4/2012 0:00,4.82,BTC
3/5/2012 0:00,4.98,BTC
3/6/2012 0:00,4.99,BTC
3/7/2012 0:00,4.94,BTC
3/8/2012 0:00,4.93,BTC
3/9/2012 0:00,4.86,BTC
3/10/2012 0:00,4.83,BTC
3/11/2012 0:00,4.91,BTC
3/12/2012 0:00,4.89,BTC
3/13/2012 0:00,5.27,BTC
3/14/2012 0:00,5.38,BTC
3/15/2012 0:00,5.33,BTC
3/16/2012 0:00,5.34,BTC
3/17/2012 0:00,5.22,BTC
3/18/2012 0:00,5.28,BTC
3/19/2012 0:00,4.69,BTC
3/20/2012 0:00,4.84,BTC
3/21/2012 0:00,4.81,BTC
3/22/2012 0:00,4.7,BTC
3/23/2012 0:00,4.69,BTC
3/24/2012 0:00,4.68,BTC
3/25/2012 0:00,4.55,BTC
3/26/2012 0:00,4.62,BTC
3/27/2012 0:00,4.81,BTC
3/28/2012 0:00,4.79,BTC
3/29/2012 0:00,4.81,BTC
3/30/2012 0:00,4.86,BTC
3/31/2012 0:00,4.91,BTC
4/1/2012 0:00,4.83,BTC
4/2/2012 0:00,4.97,BTC
4/3/2012 0:00,4.95,BTC
4/4/2012 0:00,4.91,BTC
4/5/2012 0:00,4.92,BTC
4/6/2012 0:00,4.95,BTC
4/7/2012 0:00,4.69,BTC
4/8/2012 0:00,4.79,BTC
4/9/2012 0:00,4.87,BTC
4/10/2012 0:00,4.84,BTC
4/11/2012 0:00,4.93,BTC
4/12/2012 0:00,4.92,BTC
4/13/2012 0:00,4.94,BTC
4/14/2012 0:00,4.96,BTC
4/15/2012 0:00,4.97,BTC
4/16/2012 0:00,4.93,BTC
4/17/2012 0:00,4.98,BTC
4/18/2012 0:00,5.12,BTC
4/19/2012 0:00,5.14,BTC
4/20/2012 0:00,5.35,BTC
4/21/2012 0:00,5.26,BTC
4/22/2012 0:00,5.2,BTC
4/23/2012 0:00,4.96,BTC
4/24/2012 0:00,5.1,BTC
4/25/2012 0:00,5.13,BTC
4/26/2012 0:00,5.1,BTC
4/27/2012 0:00,5.11,BTC
4/28/2012 0:00,4.98,BTC
4/29/2012 0:00,4.9,BTC
4/30/2012 0:00,4.95,BTC
5/1/2012 0:00,5,BTC
5/2/2012 0:00,5.07,BTC
5/3/2012 0:00,5.13,BTC
5/4/2012 0:00,5.07,BTC
5/5/2012 0:00,5.08,BTC
5/6/2012 0:00,5.05,BTC
5/7/2012 0:00,5.06,BTC
5/8/2012 0:00,5.05,BTC
5/9/2012 0:00,5.04,BTC
5/10/2012 0:00,4.85,BTC
5/11/2012 0:00,4.96,BTC
5/12/2012 0:00,4.95,BTC
5/13/2012 0:00,4.93,BTC
5/14/2012 0:00,5.01,BTC
5/15/2012 0:00,5.03,BTC
5/16/2012 0:00,5.09,BTC
5/17/2012 0:00,5.1,BTC
5/18/2012 0:00,5.12,BTC
5/19/2012 0:00,5.1,BTC
5/20/2012 0:00,5.09,BTC
5/21/2012 0:00,5.1,BTC
5/22/2012 0:00,5.1,BTC
5/23/2012 0:00,5.14,BTC
5/24/2012 0:00,5.12,BTC
5/25/2012 0:00,5.15,BTC
5/26/2012 0:00,5.1,BTC
5/27/2012 0:00,5.14,BTC
5/28/2012 0:00,5.14,BTC
5/29/2012 0:00,5.15,BTC
5/30/2012 0:00,5.13,BTC
5/31/2012 0:00,5.18,BTC
6/1/2012 0:00,5.27,BTC
6/2/2012 0:00,5.25,BTC
6/3/2012 0:00,5.21,BTC
6/4/2012 0:00,5.27,BTC
6/5/2012 0:00,5.44,BTC
6/6/2012 0:00,5.46,BTC
6/7/2012 0:00,5.59,BTC
6/8/2012 0:00,5.63,BTC
6/9/2012 0:00,5.56,BTC
6/10/2012 0:00,5.47,BTC
6/11/2012 0:00,5.57,BTC
6/12/2012 0:00,5.7,BTC
6/13/2012 0:00,5.93,BTC
6/14/2012 0:00,5.95,BTC
6/15/2012 0:00,6.5,BTC
6/16/2012 0:00,6.4,BTC
6/17/2012 0:00,6.16,BTC
6/18/2012 0:00,6.31,BTC
6/19/2012 0:00,6.5,BTC
6/20/2012 0:00,6.67,BTC
6/21/2012 0:00,6.68,BTC
6/22/2012 0:00,6.55,BTC
6/23/2012 0:00,6.43,BTC
6/24/2012 0:00,6.35,BTC
6/25/2012 0:00,6.3,BTC
6/26/2012 0:00,6.42,BTC
6/27/2012 0:00,6.65,BTC
6/28/2012 0:00,6.61,BTC
6/29/2012 0:00,6.65,BTC
6/30/2012 0:00,6.69,BTC
7/1/2012 0:00,6.63,BTC
7/2/2012 0:00,6.76,BTC
7/3/2012 0:00,6.45,BTC
7/4/2012 0:00,6.51,BTC
7/5/2012 0:00,6.67,BTC
7/6/2012 0:00,6.65,BTC
7/7/2012 0:00,6.76,BTC
7/8/2012 0:00,6.8,BTC
7/9/2012 0:00,7.02,BTC
7/10/2012 0:00,7.2,BTC
7/11/2012 0:00,7.15,BTC
7/12/2012 0:00,7.76,BTC
7/13/2012 0:00,7.67,BTC
7/14/2012 0:00,7.54,BTC
7/15/2012 0:00,7.62,BTC
7/16/2012 0:00,8.5,BTC
7/17/2012 0:00,8.8,BTC
7/18/2012 0:00,9.11,BTC
7/19/2012 0:00,8.87,BTC
7/20/2012 0:00,8.52,BTC
7/21/2012 0:00,8.85,BTC
7/22/2012 0:00,8.41,BTC
7/23/2012 0:00,8.45,BTC
7/24/2012 0:00,8.6,BTC
7/25/2012 0:00,8.8,BTC
7/26/2012 0:00,8.9,BTC
7/27/2012 0:00,8.9,BTC
7/28/2012 0:00,8.89,BTC
7/29/2012 0:00,8.71,BTC
7/30/2012 0:00,9.1,BTC
7/31/2012 0:00,9.35,BTC
8/1/2012 0:00,9.55,BTC
8/2/2012 0:00,10.53,BTC
8/3/2012 0:00,10.97,BTC
8/4/2012 0:00,10.98,BTC
8/5/2012 0:00,10.87,BTC
8/6/2012 0:00,10.86,BTC
8/7/2012 0:00,11.1,BTC
8/8/2012 0:00,11.06,BTC
8/9/2012 0:00,11.06,BTC
8/10/2012 0:00,11.39,BTC
8/11/2012 0:00,11.51,BTC
8/12/2012 0:00,11.62,BTC
8/13/2012 0:00,12.04,BTC
8/14/2012 0:00,12.19,BTC
8/15/2012 0:00,13.25,BTC
8/16/2012 0:00,13.5,BTC
8/17/2012 0:00,11.58,BTC
8/18/2012 0:00,11.61,BTC
8/19/2012 0:00,8,BTC
8/20/2012 0:00,10.1,BTC
8/21/2012 0:00,9.91,BTC
8/22/2012 0:00,9.81,BTC
8/23/2012 0:00,10.1,BTC
8/24/2012 0:00,10.6,BTC
8/25/2012 0:00,10.52,BTC
8/26/2012 0:00,10.61,BTC
8/27/2012 0:00,10.95,BTC
8/28/2012 0:00,10.94,BTC
8/29/2012 0:00,10.92,BTC
8/30/2012 0:00,10.78,BTC
8/31/2012 0:00,10.16,BTC
9/1/2012 0:00,9.97,BTC
9/2/2012 0:00,10.2,BTC
9/3/2012 0:00,10.53,BTC
9/4/2012 0:00,10.38,BTC
9/5/2012 0:00,11,BTC
9/6/2012 0:00,11.18,BTC
9/7/2012 0:00,11,BTC
9/8/2012 0:00,11.04,BTC
9/9/2012 0:00,11.02,BTC
9/10/2012 0:00,11.17,BTC
9/11/2012 0:00,11.33,BTC
9/12/2012 0:00,11.36,BTC
9/13/2012 0:00,11.4,BTC
9/14/2012 0:00,11.67,BTC
9/15/2012 0:00,11.75,BTC
9/16/2012 0:00,11.87,BTC
9/17/2012 0:00,11.89,BTC
9/18/2012 0:00,12.25,BTC
9/19/2012 0:00,12.57,BTC
9/20/2012 0:00,12.28,BTC
9/21/2012 0:00,12.37,BTC
9/22/2012 0:00,12.24,BTC
9/23/2012 0:00,12.19,BTC
9/24/2012 0:00,12.1,BTC
9/25/2012 0:00,12.2,BTC
9/26/2012 0:00,12.27,BTC
9/27/2012 0:00,12.31,BTC
9/28/2012 0:00,12.39,BTC
9/29/2012 0:00,12.36,BTC
9/30/2012 0:00,12.4,BTC
10/1/2012 0:00,12.4,BTC
10/2/2012 0:00,12.84,BTC
10/3/2012 0:00,12.89,BTC
10/4/2012 0:00,12.85,BTC
10/5/2012 0:00,12.69,BTC
10/6/2012 0:00,12.5,BTC
10/7/2012 0:00,11.8,BTC
10/8/2012 0:00,11.78,BTC
10/9/2012 0:00,11.89,BTC
10/10/2012 0:00,12.12,BTC
10/11/2012 0:00,12.03,BTC
10/12/2012 0:00,12,BTC
10/13/2012 0:00,11.86,BTC
10/14/2012 0:00,11.74,BTC
10/15/2012 0:00,11.84,BTC
10/16/2012 0:00,11.85,BTC
10/17/2012 0:00,11.81,BTC
10/18/2012 0:00,11.94,BTC
10/19/2012 0:00,11.74,BTC
10/20/2012 0:00,11.74,BTC
10/21/2012 0:00,11.63,BTC
10/22/2012 0:00,11.71,BTC
10/23/2012 0:00,11.65,BTC
10/24/2012 0:00,11.65,BTC
10/25/2012 0:00,10.86,BTC
10/26/2012 0:00,10.17,BTC
10/27/2012 0:00,10.26,BTC
10/28/2012 0:00,10.7,BTC
10/29/2012 0:00,10.6,BTC
10/30/2012 0:00,10.89,BTC
10/31/2012 0:00,11.2,BTC
11/1/2012 0:00,10.57,BTC
11/2/2012 0:00,10.47,BTC
11/3/2012 0:00,10.64,BTC
11/4/2012 0:00,10.8,BTC
11/5/2012 0:00,10.75,BTC
11/6/2012 0:00,10.9,BTC
11/7/2012 0:00,10.92,BTC
11/8/2012 0:00,10.92,BTC
11/9/2012 0:00,10.81,BTC
11/10/2012 0:00,10.89,BTC
11/11/2012 0:00,10.87,BTC
11/12/2012 0:00,11.01,BTC
11/13/2012 0:00,10.95,BTC
11/14/2012 0:00,10.95,BTC
11/15/2012 0:00,11.2,BTC
11/16/2012 0:00,11.75,BTC
11/17/2012 0:00,11.79,BTC
11/18/2012 0:00,11.65,BTC
11/19/2012 0:00,11.8,BTC
11/20/2012 0:00,11.73,BTC
11/21/2012 0:00,11.77,BTC
11/22/2012 0:00,12.42,BTC
11/23/2012 0:00,12.34,BTC
11/24/2012 0:00,12.41,BTC
11/25/2012 0:00,12.48,BTC
11/26/2012 0:00,12.25,BTC
11/27/2012 0:00,12.2,BTC
11/28/2012 0:00,12.35,BTC
11/29/2012 0:00,12.45,BTC
11/30/2012 0:00,12.56,BTC
12/1/2012 0:00,12.56,BTC
12/2/2012 0:00,12.5,BTC
12/3/2012 0:00,12.68,BTC
12/4/2012 0:00,13.41,BTC
12/5/2012 0:00,13.38,BTC
12/6/2012 0:00,13.3,BTC
12/7/2012 0:00,13.5,BTC
12/8/2012 0:00,13.42,BTC
12/9/2012 0:00,13.39,BTC
12/10/2012 0:00,13.43,BTC
12/11/2012 0:00,13.56,BTC
12/12/2012 0:00,13.7,BTC
12/13/2012 0:00,13.7,BTC
12/14/2012 0:00,13.6,BTC
12/15/2012 0:00,13.49,BTC
12/16/2012 0:00,13.3,BTC
12/17/2012 0:00,13.25,BTC
12/18/2012 0:00,13.3,BTC
12/19/2012 0:00,13.6,BTC
12/20/2012 0:00,13.52,BTC
12/21/2012 0:00,13.5,BTC
12/22/2012 0:00,13.37,BTC
12/23/2012 0:00,13.31,BTC
12/24/2012 0:00,13.38,BTC
12/25/2012 0:00,13.35,BTC
12/26/2012 0:00,13.47,BTC
12/27/2012 0:00,13.42,BTC
12/28/2012 0:00,13.42,BTC
12/29/2012 0:00,13.4,BTC
12/30/2012 0:00,13.45,BTC
12/31/2012 0:00,13.51,BTC
1/1/2013 0:00,13.3,BTC
1/2/2013 0:00,13.28,BTC
1/3/2013 0:00,13.4,BTC
1/4/2013 0:00,13.5,BTC
1/5/2013 0:00,13.44,BTC
1/6/2013 0:00,13.45,BTC
1/7/2013 0:00,13.59,BTC
1/8/2013 0:00,13.74,BTC
1/9/2013 0:00,13.77,BTC
1/10/2013 0:00,14.14,BTC
1/11/2013 0:00,14.14,BTC
1/12/2013 0:00,14.24,BTC
1/13/2013 0:00,14.12,BTC
1/14/2013 0:00,14.3,BTC
1/15/2013 0:00,14.25,BTC
1/16/2013 0:00,14.73,BTC
1/17/2013 0:00,15.5,BTC
1/18/2013 0:00,15.7,BTC
1/19/2013 0:00,15.61,BTC
1/20/2013 0:00,15.7,BTC
1/21/2013 0:00,16.8,BTC
1/22/2013 0:00,17.26,BTC
1/23/2013 0:00,17.5,BTC
1/24/2013 0:00,16.9,BTC
1/25/2013 0:00,17.4,BTC
1/26/2013 0:00,17.88,BTC
1/27/2013 0:00,17.82,BTC
1/28/2013 0:00,18.72,BTC
1/29/2013 0:00,19.53,BTC
1/30/2013 0:00,19.7,BTC
1/31/2013 0:00,20.41,BTC
2/1/2013 0:00,20.5,BTC
2/2/2013 0:00,19.63,BTC
2/3/2013 0:00,20.59,BTC
2/4/2013 0:00,20.43,BTC
2/5/2013 0:00,20.6,BTC
2/6/2013 0:00,21.18,BTC
2/7/2013 0:00,22.15,BTC
2/8/2013 0:00,22.66,BTC
2/9/2013 0:00,23.65,BTC
2/10/2013 0:00,23.97,BTC
2/11/2013 0:00,24.65,BTC
2/12/2013 0:00,25.17,BTC
2/13/2013 0:00,24.2,BTC
2/14/2013 0:00,27.22,BTC
2/15/2013 0:00,27.1,BTC
2/16/2013 0:00,27.22,BTC
2/17/2013 0:00,26.81,BTC
2/18/2013 0:00,26.95,BTC
2/19/2013 0:00,29.42,BTC
2/20/2013 0:00,29.64,BTC
2/21/2013 0:00,29.75,BTC
2/22/2013 0:00,30.25,BTC
2/23/2013 0:00,29.8,BTC
2/24/2013 0:00,29.89,BTC
2/25/2013 0:00,30.4,BTC
2/26/2013 0:00,31.1,BTC
2/27/2013 0:00,30.9,BTC
2/28/2013 0:00,33.38,BTC
3/1/2013 0:00,34.5,BTC
3/2/2013 0:00,34.25,BTC
3/3/2013 0:00,34.5,BTC
3/4/2013 0:00,36.15,BTC
3/5/2013 0:00,40.33,BTC
3/6/2013 0:00,41.02,BTC
3/7/2013 0:00,42,BTC
3/8/2013 0:00,44.18,BTC
3/9/2013 0:00,46.85,BTC
3/10/2013 0:00,46,BTC
3/11/2013 0:00,48.4,BTC
3/12/2013 0:00,44.29,BTC
3/13/2013 0:00,46.92,BTC
3/14/2013 0:00,47.17,BTC
3/15/2013 0:00,46.95,BTC
3/16/2013 0:00,47,BTC
3/17/2013 0:00,47.4,BTC
3/18/2013 0:00,51.6,BTC
3/19/2013 0:00,59.14,BTC
3/20/2013 0:00,64.49,BTC
3/21/2013 0:00,70.85,BTC
3/22/2013 0:00,69.86,BTC
3/23/2013 0:00,64.35,BTC
3/24/2013 0:00,71.5,BTC
3/25/2013 0:00,73.6,BTC
3/26/2013 0:00,78.5,BTC
3/27/2013 0:00,88.92,BTC
3/28/2013 0:00,86.18,BTC
3/29/2013 0:00,90.5,BTC
3/30/2013 0:00,92.19,BTC
3/31/2013 0:00,93.03,BTC
4/1/2013 0:00,104,BTC
4/2/2013 0:00,117.98,BTC
4/3/2013 0:00,135,BTC
4/4/2013 0:00,132.12,BTC
4/5/2013 0:00,142.32,BTC
4/6/2013 0:00,142.63,BTC
4/7/2013 0:00,162.3,BTC
4/8/2013 0:00,187.5,BTC
4/9/2013 0:00,230,BTC
4/10/2013 0:00,165,BTC
4/11/2013 0:00,124.9,BTC
4/12/2013 0:00,117,BTC
4/13/2013 0:00,93,BTC
4/14/2013 0:00,90,BTC
4/15/2013 0:00,82.39,BTC
4/16/2013 0:00,68.36,BTC
4/17/2013 0:00,93.07,BTC
4/18/2013 0:00,109.01,BTC
4/19/2013 0:00,118.48,BTC
4/20/2013 0:00,126.62,BTC
4/21/2013 0:00,119.2,BTC
4/22/2013 0:00,127.4,BTC
4/23/2013 0:00,143.47,BTC
4/24/2013 0:00,154.2,BTC
4/25/2013 0:00,141.71,BTC
4/26/2013 0:00,136.9,BTC
4/27/2013 0:00,128,BTC
4/28/2013 0:00,134.44,BTC
4/29/2013 0:00,144,BTC
4/30/2013 0:00,139.23,BTC
5/1/2013 0:00,116.38,BTC
5/2/2013 0:00,106.25,BTC
5/3/2013 0:00,98.1,BTC
5/4/2013 0:00,112.9,BTC
5/5/2013 0:00,115.98,BTC
5/6/2013 0:00,112.25,BTC
5/7/2013 0:00,109.6,BTC
5/8/2013 0:00,113.2,BTC
5/9/2013 0:00,112.8,BTC
5/10/2013 0:00,117.7,BTC
5/11/2013 0:00,115.64,BTC
5/12/2013 0:00,114.82,BTC
5/13/2013 0:00,117.98,BTC
5/14/2013 0:00,111.4,BTC
5/15/2013 0:00,114.22,BTC
5/16/2013 0:00,118.21,BTC
5/17/2013 0:00,123.5,BTC
5/18/2013 0:00,123.21,BTC
5/19/2013 0:00,122.5,BTC
5/20/2013 0:00,122.02,BTC
5/21/2013 0:00,122.89,BTC
5/22/2013 0:00,123.8,BTC
5/23/2013 0:00,126.3,BTC
5/24/2013 0:00,133.1,BTC
5/25/2013 0:00,131.99,BTC
5/26/2013 0:00,133.5,BTC
5/27/2013 0:00,129.77,BTC
5/28/2013 0:00,129,BTC
5/29/2013 0:00,132.25,BTC
5/30/2013 0:00,128.8,BTC
5/31/2013 0:00,128.82,BTC
6/1/2013 0:00,129.3,BTC
6/2/2013 0:00,122.5,BTC
6/3/2013 0:00,120.74,BTC
6/4/2013 0:00,121.4,BTC
6/5/2013 0:00,121.9,BTC
6/6/2013 0:00,118.97,BTC
6/7/2013 0:00,111,BTC
6/8/2013 0:00,107.89,BTC
6/9/2013 0:00,100.44,BTC
6/10/2013 0:00,106.35,BTC
6/11/2013 0:00,109,BTC
6/12/2013 0:00,108.78,BTC
6/13/2013 0:00,103.95,BTC
6/14/2013 0:00,100,BTC
6/15/2013 0:00,99.8,BTC
6/16/2013 0:00,99.9,BTC
6/17/2013 0:00,101.95,BTC
6/18/2013 0:00,107.35,BTC
6/19/2013 0:00,108.25,BTC
6/20/2013 0:00,111.29,BTC
6/21/2013 0:00,109.5,BTC
6/22/2013 0:00,108.2,BTC
6/23/2013 0:00,107.9,BTC
6/24/2013 0:00,102.09,BTC
6/25/2013 0:00,103.33,BTC
6/26/2013 0:00,104,BTC
6/27/2013 0:00,101.74,BTC
6/28/2013 0:00,94.66,BTC
6/29/2013 0:00,95,BTC
6/30/2013 0:00,97.51,BTC
7/1/2013 0:00,84.61,BTC
7/2/2013 0:00,87.66,BTC
7/3/2013 0:00,76.89,BTC
7/4/2013 0:00,77.68,BTC
7/5/2013 0:00,66.34,BTC
7/6/2013 0:00,66.85,BTC
7/7/2013 0:00,72.51,BTC
7/8/2013 0:00,74.56,BTC
7/9/2013 0:00,74.22,BTC
7/10/2013 0:00,84.51,BTC
7/11/2013 0:00,91.22,BTC
7/12/2013 0:00,88.46,BTC
7/13/2013 0:00,91.39,BTC
7/14/2013 0:00,90.37,BTC
7/15/2013 0:00,93.14,BTC
7/16/2013 0:00,92.74,BTC
7/17/2013 0:00,90.54,BTC
7/18/2013 0:00,85.43,BTC
7/19/2013 0:00,85.78,BTC
7/20/2013 0:00,85.67,BTC
7/21/2013 0:00,85.47,BTC
7/22/2013 0:00,86.09,BTC
7/23/2013 0:00,86.94,BTC
7/24/2013 0:00,87.46,BTC
7/25/2013 0:00,89.41,BTC
7/26/2013 0:00,90.63,BTC
7/27/2013 0:00,89.1,BTC
7/28/2013 0:00,92.1,BTC
7/29/2013 0:00,93.3,BTC
7/30/2013 0:00,96.31,BTC
7/31/2013 0:00,97.91,BTC
8/1/2013 0:00,96.42,BTC
8/2/2013 0:00,97.24,BTC
8/3/2013 0:00,96.66,BTC
8/4/2013 0:00,96.6,BTC
8/5/2013 0:00,96.92,BTC
8/6/2013 0:00,97.13,BTC
8/7/2013 0:00,96.92,BTC
8/8/2013 0:00,94.77,BTC
8/9/2013 0:00,93.36,BTC
8/10/2013 0:00,93.29,BTC
8/11/2013 0:00,94.16,BTC
8/12/2013 0:00,95.08,BTC
8/13/2013 0:00,97.9,BTC
8/14/2013 0:00,97.96,BTC
8/15/2013 0:00,97.54,BTC
8/16/2013 0:00,98.33,BTC
8/17/2013 0:00,99.56,BTC
8/18/2013 0:00,98.84,BTC
8/19/2013 0:00,102.3,BTC
8/20/2013 0:00,105.01,BTC
8/21/2013 0:00,111.44,BTC
8/22/2013 0:00,109.73,BTC
8/23/2013 0:00,107.55,BTC
8/24/2013 0:00,108.69,BTC
8/25/2013 0:00,111.79,BTC
8/26/2013 0:00,112.23,BTC
8/27/2013 0:00,117.45,BTC
8/28/2013 0:00,117.59,BTC
8/29/2013 0:00,117.52,BTC
8/30/2013 0:00,123.23,BTC
8/31/2013 0:00,129.46,BTC
9/1/2013 0:00,128.26,BTC
9/2/2013 0:00,127.36,BTC
9/3/2013 0:00,127.59,BTC
9/4/2013 0:00,120.57,BTC
9/5/2013 0:00,120.53,BTC
9/6/2013 0:00,116.32,BTC
9/7/2013 0:00,119.05,BTC
9/8/2013 0:00,116.59,BTC
9/9/2013 0:00,120.02,BTC
9/10/2013 0:00,121.46,BTC
9/11/2013 0:00,125.45,BTC
9/12/2013 0:00,125.76,BTC
9/13/2013 0:00,126.51,BTC
9/14/2013 0:00,124.08,BTC
9/15/2013 0:00,124.58,BTC
9/16/2013 0:00,125.06,BTC
9/17/2013 0:00,125.97,BTC
9/18/2013 0:00,126.3,BTC
9/19/2013 0:00,124.19,BTC
9/20/2013 0:00,122.9,BTC
9/21/2013 0:00,122.64,BTC
9/22/2013 0:00,122.65,BTC
9/23/2013 0:00,122.22,BTC
9/24/2013 0:00,122.54,BTC
9/25/2013 0:00,123.42,BTC
9/26/2013 0:00,123.48,BTC
9/27/2013 0:00,123.5,BTC
9/28/2013 0:00,124.75,BTC
9/29/2013 0:00,125.18,BTC
9/30/2013 0:00,123.1,BTC
10/1/2013 0:00,125.49,BTC
10/2/2013 0:00,99.81,BTC
10/3/2013 0:00,116.82,BTC
10/4/2013 0:00,121.29,BTC
10/5/2013 0:00,121.14,BTC
10/6/2013 0:00,121.68,BTC
10/7/2013 0:00,123.24,BTC
10/8/2013 0:00,124.32,BTC
10/9/2013 0:00,125.84,BTC
10/10/2013 0:00,125.7,BTC
10/11/2013 0:00,125.51,BTC
10/12/2013 0:00,126.52,BTC
10/13/2013 0:00,130.42,BTC
10/14/2013 0:00,133.04,BTC
10/15/2013 0:00,138.64,BTC
10/16/2013 0:00,137.42,BTC
10/17/2013 0:00,142.73,BTC
10/18/2013 0:00,149.59,BTC
10/19/2013 0:00,159.81,BTC
10/20/2013 0:00,163.06,BTC
10/21/2013 0:00,174.18,BTC
10/22/2013 0:00,183.86,BTC
10/23/2013 0:00,200.62,BTC
10/24/2013 0:00,183.15,BTC
10/25/2013 0:00,178.12,BTC
10/26/2013 0:00,175.9,BTC
10/27/2013 0:00,185.69,BTC
10/28/2013 0:00,187.87,BTC
10/29/2013 0:00,198.19,BTC
10/30/2013 0:00,194.55,BTC
10/31/2013 0:00,198.23,BTC
11/1/2013 0:00,198.51,BTC
11/2/2013 0:00,200.85,BTC
11/3/2013 0:00,207.63,BTC
11/4/2013 0:00,225.2,BTC
11/5/2013 0:00,239.29,BTC
11/6/2013 0:00,253.69,BTC
11/7/2013 0:00,283.3,BTC
11/8/2013 0:00,323.77,BTC
11/9/2013 0:00,336.14,BTC
11/10/2013 0:00,311.9,BTC
11/11/2013 0:00,332.63,BTC
11/12/2013 0:00,349.34,BTC
11/13/2013 0:00,393.28,BTC
11/14/2013 0:00,410.72,BTC
11/15/2013 0:00,409.17,BTC
11/16/2013 0:00,428.82,BTC
11/17/2013 0:00,476.29,BTC
11/18/2013 0:00,674.38,BTC
11/19/2013 0:00,541.83,BTC
11/20/2013 0:00,572.67,BTC
11/21/2013 0:00,695.87,BTC
11/22/2013 0:00,747.48,BTC
11/23/2013 0:00,776.7,BTC
11/24/2013 0:00,751.38,BTC
11/25/2013 0:00,778.68,BTC
11/26/2013 0:00,899.2,BTC
11/27/2013 0:00,948.41,BTC
11/28/2013 0:00,1037.75,BTC
11/29/2013 0:00,1120.4,BTC
11/30/2013 0:00,1124.76,BTC
12/1/2013 0:00,946.92,BTC
12/2/2013 0:00,1038.35,BTC
12/3/2013 0:00,1068.67,BTC
12/4/2013 0:00,1147.25,BTC
12/5/2013 0:00,1042.03,BTC
12/6/2013 0:00,834.03,BTC
12/7/2013 0:00,694.47,BTC
12/8/2013 0:00,795.4,BTC
12/9/2013 0:00,898.02,BTC
12/10/2013 0:00,990,BTC
12/11/2013 0:00,883.26,BTC
12/12/2013 0:00,875.75,BTC
12/13/2013 0:00,898.21,BTC
12/14/2013 0:00,867.49,BTC
12/15/2013 0:00,879.47,BTC
12/16/2013 0:00,712.51,BTC
12/17/2013 0:00,683.84,BTC
12/18/2013 0:00,522.23,BTC
12/19/2013 0:00,698.45,BTC
12/20/2013 0:00,622.84,BTC
12/21/2013 0:00,608.96,BTC
12/22/2013 0:00,617.82,BTC
12/23/2013 0:00,673.17,BTC
12/24/2013 0:00,667.62,BTC
12/25/2013 0:00,687.36,BTC
12/26/2013 0:00,765.21,BTC
12/27/2013 0:00,746.72,BTC
12/28/2013 0:00,730.47,BTC
12/29/2013 0:00,745.07,BTC
12/30/2013 0:00,754.76,BTC
12/31/2013 0:00,757.5,BTC
1/1/2014 0:00,770.44,BTC
1/2/2014 0:00,808.05,BTC
1/3/2014 0:00,830.02,BTC
1/4/2014 0:00,858.98,BTC
1/5/2014 0:00,940.1,BTC
1/6/2014 0:00,951.39,BTC
1/7/2014 0:00,810.58,BTC
1/8/2014 0:00,859.95,BTC
1/9/2014 0:00,860.89,BTC
1/10/2014 0:00,884.67,BTC
1/11/2014 0:00,930.9,BTC
1/12/2014 0:00,873.26,BTC
1/13/2014 0:00,857.96,BTC
1/14/2014 0:00,851.83,BTC
1/15/2014 0:00,874.71,BTC
1/16/2014 0:00,847.37,BTC
1/17/2014 0:00,828.22,BTC
1/18/2014 0:00,843.76,BTC
1/19/2014 0:00,878.68,BTC
1/20/2014 0:00,871.05,BTC
1/21/2014 0:00,874.29,BTC
1/22/2014 0:00,863.95,BTC
1/23/2014 0:00,854.35,BTC
1/24/2014 0:00,825.12,BTC
1/25/2014 0:00,861.85,BTC
1/26/2014 0:00,880.15,BTC
1/27/2014 0:00,814.53,BTC
1/28/2014 0:00,833.94,BTC
1/29/2014 0:00,837.51,BTC
1/30/2014 0:00,845.85,BTC
1/31/2014 0:00,848.29,BTC
2/1/2014 0:00,853.02,BTC
2/2/2014 0:00,854.37,BTC
2/3/2014 0:00,846.9,BTC
2/4/2014 0:00,842.01,BTC
2/5/2014 0:00,820.87,BTC
2/6/2014 0:00,783.62,BTC
2/7/2014 0:00,703.57,BTC
2/8/2014 0:00,676.91,BTC
2/9/2014 0:00,681.94,BTC
2/10/2014 0:00,679.73,BTC
2/11/2014 0:00,669.44,BTC
2/12/2014 0:00,648.38,BTC
2/13/2014 0:00,598.41,BTC
2/14/2014 0:00,656.61,BTC
2/15/2014 0:00,645.43,BTC
2/16/2014 0:00,610.65,BTC
2/17/2014 0:00,621.49,BTC
2/18/2014 0:00,621.22,BTC
2/19/2014 0:00,617.71,BTC
2/20/2014 0:00,552.21,BTC
2/21/2014 0:00,569.04,BTC
2/22/2014 0:00,604.75,BTC
2/23/2014 0:00,604.58,BTC
2/24/2014 0:00,545.32,BTC
2/25/2014 0:00,534.71,BTC
2/26/2014 0:00,577.09,BTC
2/27/2014 0:00,576.7,BTC
2/28/2014 0:00,543.93,BTC
3/1/2014 0:00,563.74,BTC
3/2/2014 0:00,560.3,BTC
3/3/2014 0:00,661.12,BTC
3/4/2014 0:00,663.6,BTC
3/5/2014 0:00,661.79,BTC
3/6/2014 0:00,658.72,BTC
3/7/2014 0:00,625.83,BTC
3/8/2014 0:00,615.24,BTC
3/9/2014 0:00,633.18,BTC
3/10/2014 0:00,625.83,BTC
3/11/2014 0:00,628.95,BTC
3/12/2014 0:00,631.39,BTC
3/13/2014 0:00,638.16,BTC
3/14/2014 0:00,626.71,BTC
3/15/2014 0:00,633.67,BTC
3/16/2014 0:00,630.72,BTC
3/17/2014 0:00,621.22,BTC
3/18/2014 0:00,613.63,BTC
3/19/2014 0:00,608.82,BTC
3/20/2014 0:00,586.59,BTC
3/21/2014 0:00,570.77,BTC
3/22/2014 0:00,564.42,BTC
3/23/2014 0:00,561.35,BTC
3/24/2014 0:00,586.27,BTC
3/25/2014 0:00,582.28,BTC
3/26/2014 0:00,579.07,BTC
3/27/2014 0:00,478.16,BTC
3/28/2014 0:00,502.44,BTC
3/29/2014 0:00,493.18,BTC
3/30/2014 0:00,461.87,BTC
3/31/2014 0:00,458.5,BTC
4/1/2014 0:00,478.72,BTC
4/2/2014 0:00,437.51,BTC
4/3/2014 0:00,447.08,BTC
4/4/2014 0:00,448.88,BTC
4/5/2014 0:00,464.83,BTC
4/6/2014 0:00,460.7,BTC
4/7/2014 0:00,446.22,BTC
4/8/2014 0:00,450.46,BTC
4/9/2014 0:00,440.2,BTC
4/10/2014 0:00,360.84,BTC
4/11/2014 0:00,420.06,BTC
4/12/2014 0:00,420.66,BTC
4/13/2014 0:00,414.95,BTC
4/14/2014 0:00,457.63,BTC
4/15/2014 0:00,520.12,BTC
4/16/2014 0:00,529.16,BTC
4/17/2014 0:00,494.4,BTC
4/18/2014 0:00,478.23,BTC
4/19/2014 0:00,501.55,BTC
4/20/2014 0:00,497.32,BTC
4/21/2014 0:00,493.09,BTC
4/22/2014 0:00,484.43,BTC
4/23/2014 0:00,486.93,BTC
4/24/2014 0:00,500.26,BTC
4/25/2014 0:00,459.61,BTC
4/26/2014 0:00,456.14,BTC
4/27/2014 0:00,429.65,BTC
4/28/2014 0:00,437.06,BTC
4/29/2014 0:00,444.25,BTC
4/30/2014 0:00,445.87,BTC
5/1/2014 0:00,456.27,BTC
5/2/2014 0:00,446.64,BTC
5/3/2014 0:00,436.94,BTC
5/4/2014 0:00,434.06,BTC
5/5/2014 0:00,429.72,BTC
5/6/2014 0:00,426.99,BTC
5/7/2014 0:00,436.96,BTC
5/8/2014 0:00,435.34,BTC
5/9/2014 0:00,448.23,BTC
5/10/2014 0:00,452.71,BTC
5/11/2014 0:00,436.54,BTC
5/12/2014 0:00,438.43,BTC
5/13/2014 0:00,437.41,BTC
5/14/2014 0:00,441.75,BTC
5/15/2014 0:00,444.32,BTC
5/16/2014 0:00,445.01,BTC
5/17/2014 0:00,446.36,BTC
5/18/2014 0:00,444.81,BTC
5/19/2014 0:00,444.31,BTC
5/20/2014 0:00,485.83,BTC
5/21/2014 0:00,489.16,BTC
5/22/2014 0:00,526.06,BTC
5/23/2014 0:00,519.04,BTC
5/24/2014 0:00,525.63,BTC
5/25/2014 0:00,570.09,BTC
5/26/2014 0:00,581.83,BTC
5/27/2014 0:00,569.63,BTC
5/28/2014 0:00,574.45,BTC
5/29/2014 0:00,565.51,BTC
5/30/2014 0:00,616.47,BTC
5/31/2014 0:00,623.26,BTC
6/1/2014 0:00,629.02,BTC
6/2/2014 0:00,658.79,BTC
6/3/2014 0:00,665.73,BTC
6/4/2014 0:00,636.78,BTC
6/5/2014 0:00,656.06,BTC
6/6/2014 0:00,645.56,BTC
6/7/2014 0:00,652.71,BTC
6/8/2014 0:00,653.64,BTC
6/9/2014 0:00,645.34,BTC
6/10/2014 0:00,649.81,BTC
6/11/2014 0:00,627.91,BTC
6/12/2014 0:00,581.8,BTC
6/13/2014 0:00,597.43,BTC
6/14/2014 0:00,571.69,BTC
6/15/2014 0:00,591.97,BTC
6/16/2014 0:00,588.06,BTC
6/17/2014 0:00,607.34,BTC
6/18/2014 0:00,604.88,BTC
6/19/2014 0:00,592.26,BTC
6/20/2014 0:00,588.52,BTC
6/21/2014 0:00,591.03,BTC
6/22/2014 0:00,598.88,BTC
6/23/2014 0:00,587.46,BTC
6/24/2014 0:00,575.07,BTC
6/25/2014 0:00,562.13,BTC
6/26/2014 0:00,579.38,BTC
6/27/2014 0:00,600.86,BTC
6/28/2014 0:00,591.99,BTC
6/29/2014 0:00,598.6,BTC
6/30/2014 0:00,639.36,BTC
7/1/2014 0:00,635.59,BTC
7/2/2014 0:00,647.34,BTC
7/3/2014 0:00,640.69,BTC
7/4/2014 0:00,626.96,BTC
7/5/2014 0:00,628.33,BTC
7/6/2014 0:00,631.71,BTC
7/7/2014 0:00,617.99,BTC
7/8/2014 0:00,620.22,BTC
7/9/2014 0:00,620.55,BTC
7/10/2014 0:00,615.11,BTC
7/11/2014 0:00,631.18,BTC
7/12/2014 0:00,634.48,BTC
7/13/2014 0:00,627.58,BTC
7/14/2014 0:00,618.38,BTC
7/15/2014 0:00,619.36,BTC
7/16/2014 0:00,615.2,BTC
7/17/2014 0:00,622.62,BTC
7/18/2014 0:00,628.22,BTC
7/19/2014 0:00,625.8,BTC
7/20/2014 0:00,621.37,BTC
7/21/2014 0:00,620.01,BTC
7/22/2014 0:00,618.81,BTC
7/23/2014 0:00,617.93,BTC
7/24/2014 0:00,600.01,BTC
7/25/2014 0:00,599.93,BTC
7/26/2014 0:00,593.85,BTC
7/27/2014 0:00,590.95,BTC
7/28/2014 0:00,584.69,BTC
7/29/2014 0:00,582.2,BTC
7/30/2014 0:00,564.37,BTC
7/31/2014 0:00,581.35,BTC
8/1/2014 0:00,595.08,BTC
8/2/2014 0:00,587.29,BTC
8/3/2014 0:00,585.51,BTC
8/4/2014 0:00,586.76,BTC
8/5/2014 0:00,583.11,BTC
8/6/2014 0:00,583.04,BTC
8/7/2014 0:00,587.4,BTC
8/8/2014 0:00,590.53,BTC
8/9/2014 0:00,588.09,BTC
8/10/2014 0:00,589.45,BTC
8/11/2014 0:00,573.31,BTC
8/12/2014 0:00,568.21,BTC
8/13/2014 0:00,544.57,BTC
8/14/2014 0:00,508.55,BTC
8/15/2014 0:00,496.62,BTC
8/16/2014 0:00,519.83,BTC
8/17/2014 0:00,492.95,BTC
8/18/2014 0:00,460.67,BTC
8/19/2014 0:00,486.74,BTC
8/20/2014 0:00,511.93,BTC
8/21/2014 0:00,516.16,BTC
8/22/2014 0:00,513.94,BTC
8/23/2014 0:00,497.22,BTC
8/24/2014 0:00,508.57,BTC
8/25/2014 0:00,501.63,BTC
8/26/2014 0:00,513.47,BTC
8/27/2014 0:00,510.43,BTC
8/28/2014 0:00,507.02,BTC
8/29/2014 0:00,508.42,BTC
8/30/2014 0:00,501.2,BTC
8/31/2014 0:00,478.07,BTC
9/1/2014 0:00,474.13,BTC
9/2/2014 0:00,475.32,BTC
9/3/2014 0:00,474.54,BTC
9/4/2014 0:00,489.09,BTC
9/5/2014 0:00,480.5,BTC
9/6/2014 0:00,482.24,BTC
9/7/2014 0:00,479.48,BTC
9/8/2014 0:00,472.15,BTC
9/9/2014 0:00,471.56,BTC
9/10/2014 0:00,477.53,BTC
9/11/2014 0:00,476.33,BTC
9/12/2014 0:00,473.83,BTC
9/13/2014 0:00,477.09,BTC
9/14/2014 0:00,474.71,BTC
9/15/2014 0:00,471.36,BTC
9/16/2014 0:00,463.74,BTC
9/17/2014 0:00,454.91,BTC
9/18/2014 0:00,421.46,BTC
9/19/2014 0:00,391.94,BTC
9/20/2014 0:00,406.82,BTC
9/21/2014 0:00,396.57,BTC
9/22/2014 0:00,398.89,BTC
9/23/2014 0:00,435.38,BTC
9/24/2014 0:00,422.3,BTC
9/25/2014 0:00,408.8,BTC
9/26/2014 0:00,401.92,BTC
9/27/2014 0:00,398.36,BTC
9/28/2014 0:00,376.2,BTC
9/29/2014 0:00,374.73,BTC
9/30/2014 0:00,386.27,BTC
10/1/2014 0:00,381.33,BTC
10/2/2014 0:00,371.99,BTC
10/3/2014 0:00,356.56,BTC
10/4/2014 0:00,325.49,BTC
10/5/2014 0:00,319.64,BTC
10/6/2014 0:00,328.46,BTC
10/7/2014 0:00,334.09,BTC
10/8/2014 0:00,352.79,BTC
10/9/2014 0:00,363.78,BTC
10/10/2014 0:00,358.69,BTC
10/11/2014 0:00,359.2,BTC
10/12/2014 0:00,376.19,BTC
10/13/2014 0:00,388.38,BTC
10/14/2014 0:00,398.71,BTC
10/15/2014 0:00,391.84,BTC
10/16/2014 0:00,380.08,BTC
10/17/2014 0:00,380.42,BTC
10/18/2014 0:00,388.96,BTC
10/19/2014 0:00,386.59,BTC
10/20/2014 0:00,379.37,BTC
10/21/2014 0:00,382.38,BTC
10/22/2014 0:00,379.1,BTC
10/23/2014 0:00,355.86,BTC
10/24/2014 0:00,355.17,BTC
10/25/2014 0:00,346.11,BTC
10/26/2014 0:00,351.54,BTC
10/27/2014 0:00,348.96,BTC
10/28/2014 0:00,351.9,BTC
10/29/2014 0:00,333.38,BTC
10/30/2014 0:00,343.78,BTC
10/31/2014 0:00,336.8,BTC
11/1/2014 0:00,325.39,BTC
11/2/2014 0:00,323.74,BTC
11/3/2014 0:00,324.23,BTC
11/4/2014 0:00,328.28,BTC
11/5/2014 0:00,337.14,BTC
11/6/2014 0:00,348.23,BTC
11/7/2014 0:00,341.08,BTC
11/8/2014 0:00,344.03,BTC
11/9/2014 0:00,363.31,BTC
11/10/2014 0:00,365.29,BTC
11/11/2014 0:00,366.99,BTC
11/12/2014 0:00,427.24,BTC
11/13/2014 0:00,417.15,BTC
11/14/2014 0:00,398.43,BTC
11/15/2014 0:00,375.13,BTC
11/16/2014 0:00,388.55,BTC
11/17/2014 0:00,385.86,BTC
11/18/2014 0:00,372.38,BTC
11/19/2014 0:00,377.24,BTC
11/20/2014 0:00,356.14,BTC
11/21/2014 0:00,348.86,BTC
11/22/2014 0:00,352.04,BTC
11/23/2014 0:00,366.77,BTC
11/24/2014 0:00,375.24,BTC
11/25/2014 0:00,375.72,BTC
11/26/2014 0:00,368.51,BTC
11/27/2014 0:00,369.14,BTC
11/28/2014 0:00,375.85,BTC
11/29/2014 0:00,375.22,BTC
11/30/2014 0:00,377.09,BTC
12/1/2014 0:00,378.64,BTC
12/2/2014 0:00,381.54,BTC
12/3/2014 0:00,374.97,BTC
12/4/2014 0:00,369.15,BTC
12/5/2014 0:00,376.04,BTC
12/6/2014 0:00,374.02,BTC
12/7/2014 0:00,374.26,BTC
12/8/2014 0:00,360.94,BTC
12/9/2014 0:00,351.27,BTC
12/10/2014 0:00,344.62,BTC
12/11/2014 0:00,347.13,BTC
12/12/2014 0:00,350.94,BTC
12/13/2014 0:00,347.47,BTC
12/14/2014 0:00,351.14,BTC
12/15/2014 0:00,345.1,BTC
12/16/2014 0:00,326.08,BTC
12/17/2014 0:00,319.17,BTC
12/18/2014 0:00,310.75,BTC
12/19/2014 0:00,317.01,BTC
12/20/2014 0:00,329.57,BTC
12/21/2014 0:00,319.24,BTC
12/22/2014 0:00,330.67,BTC
12/23/2014 0:00,334.05,BTC
12/24/2014 0:00,321.88,BTC
12/25/2014 0:00,318.61,BTC
12/26/2014 0:00,327.16,BTC
12/27/2014 0:00,315.17,BTC
12/28/2014 0:00,316.8,BTC
12/29/2014 0:00,312.44,BTC
12/30/2014 0:00,309.87,BTC
12/31/2014 0:00,319.7,BTC
1/1/2015 0:00,313.92,BTC
1/2/2015 0:00,314.59,BTC
1/3/2015 0:00,279.85,BTC
1/4/2015 0:00,263.63,BTC
1/5/2015 0:00,272.95,BTC
1/6/2015 0:00,285.58,BTC
1/7/2015 0:00,294.88,BTC
1/8/2015 0:00,283.25,BTC
1/9/2015 0:00,288.84,BTC
1/10/2015 0:00,274.07,BTC
1/11/2015 0:00,265.37,BTC
1/12/2015 0:00,267.09,BTC
1/13/2015 0:00,226.98,BTC
1/14/2015 0:00,177.28,BTC
1/15/2015 0:00,210.46,BTC
1/16/2015 0:00,207.22,BTC
1/17/2015 0:00,199.62,BTC
1/18/2015 0:00,209.93,BTC
1/19/2015 0:00,213.98,BTC
1/20/2015 0:00,210.48,BTC
1/21/2015 0:00,225.98,BTC
1/22/2015 0:00,232.66,BTC
1/23/2015 0:00,232.97,BTC
1/24/2015 0:00,247.99,BTC
1/25/2015 0:00,254.51,BTC
1/26/2015 0:00,271.95,BTC
1/27/2015 0:00,262.06,BTC
1/28/2015 0:00,233.21,BTC
1/29/2015 0:00,232.4,BTC
1/30/2015 0:00,226.5,BTC
1/31/2015 0:00,216.91,BTC
2/1/2015 0:00,226.4,BTC
2/2/2015 0:00,237.54,BTC
2/3/2015 0:00,226.96,BTC
2/4/2015 0:00,226.73,BTC
2/5/2015 0:00,216.77,BTC
2/6/2015 0:00,222.48,BTC
2/7/2015 0:00,227.33,BTC
2/8/2015 0:00,222.87,BTC
2/9/2015 0:00,220.17,BTC
2/10/2015 0:00,220.08,BTC
2/11/2015 0:00,219.49,BTC
2/12/2015 0:00,221.85,BTC
2/13/2015 0:00,235.79,BTC
2/14/2015 0:00,257.47,BTC
2/15/2015 0:00,234.33,BTC
2/16/2015 0:00,233.56,BTC
2/17/2015 0:00,243.6,BTC
2/18/2015 0:00,236.21,BTC
2/19/2015 0:00,239.83,BTC
2/20/2015 0:00,243.78,BTC
2/21/2015 0:00,244.26,BTC
2/22/2015 0:00,235.53,BTC
2/23/2015 0:00,238.08,BTC
2/24/2015 0:00,238.76,BTC
2/25/2015 0:00,237.25,BTC
2/26/2015 0:00,236.1,BTC
2/27/2015 0:00,252.51,BTC
2/28/2015 0:00,253.53,BTC
3/1/2015 0:00,258.74,BTC
3/2/2015 0:00,271.35,BTC
3/3/2015 0:00,281.45,BTC
3/4/2015 0:00,271.92,BTC
3/5/2015 0:00,274.86,BTC
3/6/2015 0:00,272.21,BTC
3/7/2015 0:00,275.89,BTC
3/8/2015 0:00,274.48,BTC
3/9/2015 0:00,288.52,BTC
3/10/2015 0:00,290.51,BTC
3/11/2015 0:00,295.83,BTC
3/12/2015 0:00,293.87,BTC
3/13/2015 0:00,284.28,BTC
3/14/2015 0:00,281.36,BTC
3/15/2015 0:00,285.34,BTC
3/16/2015 0:00,290.38,BTC
3/17/2015 0:00,284.46,BTC
3/18/2015 0:00,255.37,BTC
3/19/2015 0:00,259.74,BTC
3/20/2015 0:00,260.84,BTC
3/21/2015 0:00,259.62,BTC
3/22/2015 0:00,267.8,BTC
3/23/2015 0:00,265.94,BTC
3/24/2015 0:00,245.44,BTC
3/25/2015 0:00,246.13,BTC
3/26/2015 0:00,247.65,BTC
3/27/2015 0:00,246.58,BTC
3/28/2015 0:00,252.25,BTC
3/29/2015 0:00,242.02,BTC
3/30/2015 0:00,246.85,BTC
3/31/2015 0:00,243.39,BTC
4/1/2015 0:00,246.55,BTC
4/2/2015 0:00,252.26,BTC
4/3/2015 0:00,253.54,BTC
4/4/2015 0:00,253.12,BTC
4/5/2015 0:00,259.95,BTC
4/6/2015 0:00,254.52,BTC
4/7/2015 0:00,252.8,BTC
4/8/2015 0:00,244.36,BTC
4/9/2015 0:00,243.26,BTC
4/10/2015 0:00,235.22,BTC
4/11/2015 0:00,236.12,BTC
4/12/2015 0:00,235.64,BTC
4/13/2015 0:00,223.41,BTC
4/14/2015 0:00,218.27,BTC
4/15/2015 0:00,223.57,BTC
4/16/2015 0:00,228.11,BTC
4/17/2015 0:00,222.23,BTC
4/18/2015 0:00,222.84,BTC
4/19/2015 0:00,221.69,BTC
4/20/2015 0:00,224.31,BTC
4/21/2015 0:00,235.81,BTC
4/22/2015 0:00,233.92,BTC
4/23/2015 0:00,235.56,BTC
4/24/2015 0:00,230.79,BTC
4/25/2015 0:00,225.85,BTC
4/26/2015 0:00,218.81,BTC
4/27/2015 0:00,228.5,BTC
4/28/2015 0:00,225.68,BTC
4/29/2015 0:00,225.98,BTC
4/30/2015 0:00,236.57,BTC
5/1/2015 0:00,232.12,BTC
5/2/2015 0:00,234.9,BTC
5/3/2015 0:00,240.12,BTC
5/4/2015 0:00,238.77,BTC
5/5/2015 0:00,236.55,BTC
5/6/2015 0:00,230.05,BTC
5/7/2015 0:00,237.78,BTC
5/8/2015 0:00,243.39,BTC
5/9/2015 0:00,240.48,BTC
5/10/2015 0:00,239.63,BTC
5/11/2015 0:00,241.85,BTC
5/12/2015 0:00,240.99,BTC
5/13/2015 0:00,235.8,BTC
5/14/2015 0:00,236.74,BTC
5/15/2015 0:00,237.31,BTC
5/16/2015 0:00,235.73,BTC
5/17/2015 0:00,236.1,BTC
5/18/2015 0:00,232.87,BTC
5/19/2015 0:00,231.94,BTC
5/20/2015 0:00,234.25,BTC
5/21/2015 0:00,235.3,BTC
5/22/2015 0:00,240.52,BTC
5/23/2015 0:00,239.03,BTC
5/24/2015 0:00,241.19,BTC
5/25/2015 0:00,237.49,BTC
5/26/2015 0:00,237.33,BTC
5/27/2015 0:00,237.18,BTC
5/28/2015 0:00,237.47,BTC
5/29/2015 0:00,237.1,BTC
5/30/2015 0:00,233.29,BTC
5/31/2015 0:00,230,BTC
6/1/2015 0:00,223.31,BTC
6/2/2015 0:00,225.75,BTC
6/3/2015 0:00,225.65,BTC
6/4/2015 0:00,224.37,BTC
6/5/2015 0:00,225.04,BTC
6/6/2015 0:00,225.68,BTC
6/7/2015 0:00,223.39,BTC
6/8/2015 0:00,228.65,BTC
6/9/2015 0:00,229.33,BTC
6/10/2015 0:00,228.95,BTC
6/11/2015 0:00,230.02,BTC
6/12/2015 0:00,230.2,BTC
6/13/2015 0:00,232.75,BTC
6/14/2015 0:00,233.85,BTC
6/15/2015 0:00,237.31,BTC
6/16/2015 0:00,250.9,BTC
6/17/2015 0:00,249.17,BTC
6/18/2015 0:00,248.87,BTC
6/19/2015 0:00,243.55,BTC
6/20/2015 0:00,245.26,BTC
6/21/2015 0:00,244.01,BTC
6/22/2015 0:00,246.77,BTC
6/23/2015 0:00,243.99,BTC
6/24/2015 0:00,240.22,BTC
6/25/2015 0:00,242.42,BTC
6/26/2015 0:00,242.64,BTC
6/27/2015 0:00,250.71,BTC
6/28/2015 0:00,248.07,BTC
6/29/2015 0:00,256.49,BTC
6/30/2015 0:00,262.48,BTC
7/1/2015 0:00,257.66,BTC
7/2/2015 0:00,254.35,BTC
7/3/2015 0:00,255.6,BTC
7/4/2015 0:00,260.35,BTC
7/5/2015 0:00,271.02,BTC
7/6/2015 0:00,268.49,BTC
7/7/2015 0:00,264.96,BTC
7/8/2015 0:00,269.65,BTC
7/9/2015 0:00,268.11,BTC
7/10/2015 0:00,283.88,BTC
7/11/2015 0:00,291.69,BTC
7/12/2015 0:00,309.98,BTC
7/13/2015 0:00,290.88,BTC
7/14/2015 0:00,286.19,BTC
7/15/2015 0:00,283.82,BTC
7/16/2015 0:00,277.83,BTC
7/17/2015 0:00,278.49,BTC
7/18/2015 0:00,274.49,BTC
7/19/2015 0:00,272.49,BTC
7/20/2015 0:00,278.41,BTC
7/21/2015 0:00,275.1,BTC
7/22/2015 0:00,276.62,BTC
7/23/2015 0:00,275.63,BTC
7/24/2015 0:00,287.97,BTC
7/25/2015 0:00,288.13,BTC
7/26/2015 0:00,291.64,BTC
7/27/2015 0:00,292.73,BTC
7/28/2015 0:00,293.79,BTC
7/29/2015 0:00,288.77,BTC
7/30/2015 0:00,287.29,BTC
7/31/2015 0:00,283.94,BTC
8/1/2015 0:00,280.04,BTC
8/2/2015 0:00,281.65,BTC
8/3/2015 0:00,280.48,BTC
8/4/2015 0:00,284.5,BTC
8/5/2015 0:00,281.38,BTC
8/6/2015 0:00,278.25,BTC
8/7/2015 0:00,279.03,BTC
8/8/2015 0:00,260.2,BTC
8/9/2015 0:00,264.44,BTC
8/10/2015 0:00,263.76,BTC
8/11/2015 0:00,270.92,BTC
8/12/2015 0:00,265.64,BTC
8/13/2015 0:00,263.34,BTC
8/14/2015 0:00,264.87,BTC
8/15/2015 0:00,260.73,BTC
8/16/2015 0:00,257.67,BTC
8/17/2015 0:00,256.98,BTC
8/18/2015 0:00,219,BTC
8/19/2015 0:00,225.39,BTC
8/20/2015 0:00,234.69,BTC
8/21/2015 0:00,231.94,BTC
8/22/2015 0:00,229.74,BTC
8/23/2015 0:00,227.59,BTC
8/24/2015 0:00,209.13,BTC
8/25/2015 0:00,221.71,BTC
8/26/2015 0:00,225.38,BTC
8/27/2015 0:00,224.26,BTC
8/28/2015 0:00,230.98,BTC
8/29/2015 0:00,229.76,BTC
8/30/2015 0:00,228.61,BTC
8/31/2015 0:00,230.02,BTC
9/1/2015 0:00,227.35,BTC
9/2/2015 0:00,228.86,BTC
9/3/2015 0:00,226.76,BTC
9/4/2015 0:00,230.09,BTC
9/5/2015 0:00,234.68,BTC
9/6/2015 0:00,239.44,BTC
9/7/2015 0:00,240.02,BTC
9/8/2015 0:00,243.55,BTC
9/9/2015 0:00,238.29,BTC
9/10/2015 0:00,238.59,BTC
9/11/2015 0:00,240.08,BTC
9/12/2015 0:00,234.82,BTC
9/13/2015 0:00,230.33,BTC
9/14/2015 0:00,230.24,BTC
9/15/2015 0:00,229.92,BTC
9/16/2015 0:00,228.8,BTC
9/17/2015 0:00,232.79,BTC
9/18/2015 0:00,232.72,BTC
9/19/2015 0:00,231.24,BTC
9/20/2015 0:00,230.86,BTC
9/21/2015 0:00,226.61,BTC
9/22/2015 0:00,230.52,BTC
9/23/2015 0:00,229.96,BTC
9/24/2015 0:00,234.28,BTC
9/25/2015 0:00,234.84,BTC
9/26/2015 0:00,234.21,BTC
9/27/2015 0:00,232.85,BTC
9/28/2015 0:00,239.34,BTC
9/29/2015 0:00,236.62,BTC
9/30/2015 0:00,236.25,BTC
10/1/2015 0:00,237.57,BTC
10/2/2015 0:00,237.4,BTC
10/3/2015 0:00,239.09,BTC
10/4/2015 0:00,238.69,BTC
10/5/2015 0:00,240.59,BTC
10/6/2015 0:00,246.42,BTC
10/7/2015 0:00,243.27,BTC
10/8/2015 0:00,242.69,BTC
10/9/2015 0:00,244.32,BTC
10/10/2015 0:00,245.33,BTC
10/11/2015 0:00,247.53,BTC
10/12/2015 0:00,245.59,BTC
10/13/2015 0:00,249.94,BTC
10/14/2015 0:00,252.59,BTC
10/15/2015 0:00,254.81,BTC
10/16/2015 0:00,262.94,BTC
10/17/2015 0:00,271.2,BTC
10/18/2015 0:00,262.9,BTC
10/19/2015 0:00,264.42,BTC
10/20/2015 0:00,270.22,BTC
10/21/2015 0:00,267.33,BTC
10/22/2015 0:00,274.41,BTC
10/23/2015 0:00,277.46,BTC
10/24/2015 0:00,282.66,BTC
10/25/2015 0:00,283.07,BTC
10/26/2015 0:00,286.13,BTC
10/27/2015 0:00,294.4,BTC
10/28/2015 0:00,303.89,BTC
10/29/2015 0:00,313.59,BTC
10/30/2015 0:00,326,BTC
10/31/2015 0:00,312.43,BTC
11/1/2015 0:00,325.08,BTC
11/2/2015 0:00,359.35,BTC
11/3/2015 0:00,400.71,BTC
11/4/2015 0:00,408.74,BTC
11/5/2015 0:00,387.51,BTC
11/6/2015 0:00,374.95,BTC
11/7/2015 0:00,384.8,BTC
11/8/2015 0:00,373.49,BTC
11/9/2015 0:00,380.04,BTC
11/10/2015 0:00,337.93,BTC
11/11/2015 0:00,312.58,BTC
11/12/2015 0:00,336.86,BTC
11/13/2015 0:00,337.29,BTC
11/14/2015 0:00,333.55,BTC
11/15/2015 0:00,319.93,BTC
11/16/2015 0:00,331.59,BTC
11/17/2015 0:00,335.77,BTC
11/18/2015 0:00,334.97,BTC
11/19/2015 0:00,326.31,BTC
11/20/2015 0:00,321.99,BTC
11/21/2015 0:00,327.17,BTC
11/22/2015 0:00,324.34,BTC
11/23/2015 0:00,323.26,BTC
11/24/2015 0:00,320.16,BTC
11/25/2015 0:00,328.98,BTC
11/26/2015 0:00,353.3,BTC
11/27/2015 0:00,358.18,BTC
11/28/2015 0:00,357.66,BTC
11/29/2015 0:00,371.86,BTC
11/30/2015 0:00,376.91,BTC
12/1/2015 0:00,362.73,BTC
12/2/2015 0:00,359.43,BTC
12/3/2015 0:00,361.31,BTC
12/4/2015 0:00,363.48,BTC
12/5/2015 0:00,388.86,BTC
12/6/2015 0:00,388.46,BTC
12/7/2015 0:00,395.86,BTC
12/8/2015 0:00,418.14,BTC
12/9/2015 0:00,418.04,BTC
12/10/2015 0:00,415.25,BTC
12/11/2015 0:00,453.9,BTC
12/12/2015 0:00,435.9,BTC
12/13/2015 0:00,433.54,BTC
12/14/2015 0:00,443.84,BTC
12/15/2015 0:00,465.5,BTC
12/16/2015 0:00,455.37,BTC
12/17/2015 0:00,455.99,BTC
12/18/2015 0:00,463.84,BTC
12/19/2015 0:00,462.23,BTC
12/20/2015 0:00,442.5,BTC
12/21/2015 0:00,437.76,BTC
12/22/2015 0:00,435.5,BTC
12/23/2015 0:00,442.84,BTC
12/24/2015 0:00,454.85,BTC
12/25/2015 0:00,455.31,BTC
12/26/2015 0:00,417.22,BTC
12/27/2015 0:00,422.52,BTC
12/28/2015 0:00,421.26,BTC
12/29/2015 0:00,432.62,BTC
12/30/2015 0:00,426.14,BTC
12/31/2015 0:00,430.05,BTC
1/1/2016 0:00,434.46,BTC
1/2/2016 0:00,433.59,BTC
1/3/2016 0:00,430.36,BTC
1/4/2016 0:00,433.49,BTC
1/5/2016 0:00,432.25,BTC
1/6/2016 0:00,429.46,BTC
1/7/2016 0:00,458.28,BTC
1/8/2016 0:00,453.37,BTC
1/9/2016 0:00,449.14,BTC
1/10/2016 0:00,448.96,BTC
1/11/2016 0:00,448.38,BTC
1/12/2016 0:00,432.88,BTC
1/13/2016 0:00,432.04,BTC
1/14/2016 0:00,429.73,BTC
1/15/2016 0:00,358.77,BTC
1/16/2016 0:00,387.66,BTC
1/17/2016 0:00,380.21,BTC
1/18/2016 0:00,385.84,BTC
1/19/2016 0:00,377.74,BTC
1/20/2016 0:00,418.74,BTC
1/21/2016 0:00,409.94,BTC
1/22/2016 0:00,381.76,BTC
1/23/2016 0:00,386.19,BTC
1/24/2016 0:00,402.61,BTC
1/25/2016 0:00,390.66,BTC
1/26/2016 0:00,391.43,BTC
1/27/2016 0:00,394.63,BTC
1/28/2016 0:00,379.38,BTC
1/29/2016 0:00,378.2,BTC
1/30/2016 0:00,376.94,BTC
1/31/2016 0:00,367.13,BTC
2/1/2016 0:00,371.25,BTC
2/2/2016 0:00,372.88,BTC
2/3/2016 0:00,368.93,BTC
2/4/2016 0:00,388.61,BTC
2/5/2016 0:00,385.34,BTC
2/6/2016 0:00,375.4,BTC
2/7/2016 0:00,375.28,BTC
2/8/2016 0:00,371.1,BTC
2/9/2016 0:00,373.32,BTC
2/10/2016 0:00,379.96,BTC
2/11/2016 0:00,377.72,BTC
2/12/2016 0:00,383.13,BTC
2/13/2016 0:00,392.18,BTC
2/14/2016 0:00,406.74,BTC
2/15/2016 0:00,399.48,BTC
2/16/2016 0:00,407.36,BTC
2/17/2016 0:00,415.56,BTC
2/18/2016 0:00,421.64,BTC
2/19/2016 0:00,420.33,BTC
2/20/2016 0:00,436.52,BTC
2/21/2016 0:00,438.98,BTC
2/22/2016 0:00,438.07,BTC
2/23/2016 0:00,419.98,BTC
2/24/2016 0:00,424.36,BTC
2/25/2016 0:00,423.52,BTC
2/26/2016 0:00,432.06,BTC
2/27/2016 0:00,432.14,BTC
2/28/2016 0:00,432.64,BTC
2/29/2016 0:00,436.61,BTC
3/1/2016 0:00,433.64,BTC
3/2/2016 0:00,421.6,BTC
3/3/2016 0:00,419.47,BTC
3/4/2016 0:00,407.98,BTC
3/5/2016 0:00,397.83,BTC
3/6/2016 0:00,404.55,BTC
3/7/2016 0:00,412.98,BTC
3/8/2016 0:00,411.76,BTC
3/9/2016 0:00,412.62,BTC
3/10/2016 0:00,416.16,BTC
3/11/2016 0:00,419.89,BTC
3/12/2016 0:00,410.13,BTC
3/13/2016 0:00,412.29,BTC
3/14/2016 0:00,415.09,BTC
3/15/2016 0:00,415.38,BTC
3/16/2016 0:00,416.25,BTC
3/17/2016 0:00,418.45,BTC
3/18/2016 0:00,408.04,BTC
3/19/2016 0:00,408.52,BTC
3/20/2016 0:00,410.75,BTC
3/21/2016 0:00,411.42,BTC
3/22/2016 0:00,416.93,BTC
3/23/2016 0:00,417.39,BTC
3/24/2016 0:00,414.34,BTC
3/25/2016 0:00,415.69,BTC
3/26/2016 0:00,416.73,BTC
3/27/2016 0:00,425.38,BTC
3/28/2016 0:00,422.76,BTC
3/29/2016 0:00,415.55,BTC
3/30/2016 0:00,412.69,BTC
3/31/2016 0:00,415.16,BTC
4/1/2016 0:00,417.01,BTC
4/2/2016 0:00,419.69,BTC
4/3/2016 0:00,419.38,BTC
4/4/2016 0:00,419.42,BTC
4/5/2016 0:00,422.65,BTC
4/6/2016 0:00,421.7,BTC
4/7/2016 0:00,421.2,BTC
4/8/2016 0:00,418.09,BTC
4/9/2016 0:00,418.42,BTC
4/10/2016 0:00,421.11,BTC
4/11/2016 0:00,422.99,BTC
4/12/2016 0:00,425.99,BTC
4/13/2016 0:00,424.4,BTC
4/14/2016 0:00,425.11,BTC
4/15/2016 0:00,429.98,BTC
4/16/2016 0:00,430.84,BTC
4/17/2016 0:00,427.86,BTC
4/18/2016 0:00,429.05,BTC
4/19/2016 0:00,436.1,BTC
4/20/2016 0:00,442.16,BTC
4/21/2016 0:00,451.1,BTC
4/22/2016 0:00,447.64,BTC
4/23/2016 0:00,452.58,BTC
4/24/2016 0:00,460.33,BTC
4/25/2016 0:00,462.51,BTC
4/26/2016 0:00,467.8,BTC
4/27/2016 0:00,445.01,BTC
4/28/2016 0:00,449.86,BTC
4/29/2016 0:00,456.35,BTC
4/30/2016 0:00,449.33,BTC
5/1/2016 0:00,453.04,BTC
5/2/2016 0:00,444.51,BTC
5/3/2016 0:00,450.27,BTC
5/4/2016 0:00,446.96,BTC
5/5/2016 0:00,448.53,BTC
5/6/2016 0:00,460.37,BTC
5/7/2016 0:00,459.46,BTC
5/8/2016 0:00,459.44,BTC
5/9/2016 0:00,461.49,BTC
5/10/2016 0:00,450.99,BTC
5/11/2016 0:00,452.11,BTC
5/12/2016 0:00,454.82,BTC
5/13/2016 0:00,455.73,BTC
5/14/2016 0:00,455.75,BTC
5/15/2016 0:00,457.85,BTC
5/16/2016 0:00,453.41,BTC
5/17/2016 0:00,452.75,BTC
5/18/2016 0:00,453.38,BTC
5/19/2016 0:00,436.73,BTC
5/20/2016 0:00,442.95,BTC
5/21/2016 0:00,443.13,BTC
5/22/2016 0:00,438.77,BTC
5/23/2016 0:00,443.73,BTC
5/24/2016 0:00,445.13,BTC
5/25/2016 0:00,449.23,BTC
5/26/2016 0:00,453.82,BTC
5/27/2016 0:00,473.47,BTC
5/28/2016 0:00,525.43,BTC
5/29/2016 0:00,524.08,BTC
5/30/2016 0:00,532.59,BTC
5/31/2016 0:00,531.8,BTC
6/1/2016 0:00,536.42,BTC
6/2/2016 0:00,538.14,BTC
6/3/2016 0:00,570.47,BTC
6/4/2016 0:00,573.45,BTC
6/5/2016 0:00,574.11,BTC
6/6/2016 0:00,585.53,BTC
6/7/2016 0:00,577.86,BTC
6/8/2016 0:00,583.1,BTC
6/9/2016 0:00,576.45,BTC
6/10/2016 0:00,579.13,BTC
6/11/2016 0:00,611.78,BTC
6/12/2016 0:00,675.34,BTC
6/13/2016 0:00,705.62,BTC
6/14/2016 0:00,685.99,BTC
6/15/2016 0:00,696.32,BTC
6/16/2016 0:00,768.24,BTC
6/17/2016 0:00,747.55,BTC
6/18/2016 0:00,755.68,BTC
6/19/2016 0:00,764.04,BTC
6/20/2016 0:00,727.95,BTC
6/21/2016 0:00,665.88,BTC
6/22/2016 0:00,602.89,BTC
6/23/2016 0:00,625.49,BTC
6/24/2016 0:00,665.16,BTC
6/25/2016 0:00,665.33,BTC
6/26/2016 0:00,630.25,BTC
6/27/2016 0:00,658.4,BTC
6/28/2016 0:00,646.3,BTC
6/29/2016 0:00,639.08,BTC
6/30/2016 0:00,672.48,BTC
7/1/2016 0:00,676.52,BTC
7/2/2016 0:00,703.69,BTC
7/3/2016 0:00,659.69,BTC
7/4/2016 0:00,681.63,BTC
7/5/2016 0:00,668.09,BTC
7/6/2016 0:00,676.11,BTC
7/7/2016 0:00,639.76,BTC
7/8/2016 0:00,664.74,BTC
7/9/2016 0:00,650.63,BTC
7/10/2016 0:00,649.96,BTC
7/11/2016 0:00,649.03,BTC
7/12/2016 0:00,664.84,BTC
7/13/2016 0:00,653.93,BTC
7/14/2016 0:00,659.64,BTC
7/15/2016 0:00,664.88,BTC
7/16/2016 0:00,663.54,BTC
7/17/2016 0:00,679.05,BTC
7/18/2016 0:00,673.59,BTC
7/19/2016 0:00,673.84,BTC
7/20/2016 0:00,666.18,BTC
7/21/2016 0:00,665.1,BTC
7/22/2016 0:00,650.82,BTC
7/23/2016 0:00,654.86,BTC
7/24/2016 0:00,661.05,BTC
7/25/2016 0:00,655.13,BTC
7/26/2016 0:00,651.08,BTC
7/27/2016 0:00,655.44,BTC
7/28/2016 0:00,655.63,BTC
7/29/2016 0:00,656.67,BTC
7/30/2016 0:00,654.98,BTC
7/31/2016 0:00,625.88,BTC
8/1/2016 0:00,607.37,BTC
8/2/2016 0:00,552.82,BTC
8/3/2016 0:00,565.26,BTC
8/4/2016 0:00,578.32,BTC
8/5/2016 0:00,574.96,BTC
8/6/2016 0:00,588.42,BTC
8/7/2016 0:00,592.78,BTC
8/8/2016 0:00,590.62,BTC
8/9/2016 0:00,584.76,BTC
8/10/2016 0:00,592.89,BTC
8/11/2016 0:00,586.52,BTC
8/12/2016 0:00,586.03,BTC
8/13/2016 0:00,585.08,BTC
8/14/2016 0:00,571.44,BTC
8/15/2016 0:00,567.2,BTC
8/16/2016 0:00,576.25,BTC
8/17/2016 0:00,571.74,BTC
8/18/2016 0:00,572.5,BTC
8/19/2016 0:00,573.66,BTC
8/20/2016 0:00,580.7,BTC
8/21/2016 0:00,580.69,BTC
8/22/2016 0:00,584.73,BTC
8/23/2016 0:00,581.28,BTC
8/24/2016 0:00,577.99,BTC
8/25/2016 0:00,575.73,BTC
8/26/2016 0:00,578.16,BTC
8/27/2016 0:00,568.67,BTC
8/28/2016 0:00,573.55,BTC
8/29/2016 0:00,572.36,BTC
8/30/2016 0:00,576,BTC
8/31/2016 0:00,572.33,BTC
9/1/2016 0:00,571.69,BTC
9/2/2016 0:00,574.15,BTC
9/3/2016 0:00,598.38,BTC
9/4/2016 0:00,608.92,BTC
9/5/2016 0:00,606.03,BTC
9/6/2016 0:00,611.07,BTC
9/7/2016 0:00,614.79,BTC
9/8/2016 0:00,624.95,BTC
9/9/2016 0:00,621.8,BTC
9/10/2016 0:00,622.21,BTC
9/11/2016 0:00,605.81,BTC
9/12/2016 0:00,606.31,BTC
9/13/2016 0:00,606.92,BTC
9/14/2016 0:00,608.22,BTC
9/15/2016 0:00,605.21,BTC
9/16/2016 0:00,606.33,BTC
9/17/2016 0:00,605.29,BTC
9/18/2016 0:00,608.7,BTC
9/19/2016 0:00,608.53,BTC
9/20/2016 0:00,599.47,BTC
9/21/2016 0:00,595.8,BTC
9/22/2016 0:00,595.03,BTC
9/23/2016 0:00,601.71,BTC
9/24/2016 0:00,601.34,BTC
9/25/2016 0:00,599.18,BTC
9/26/2016 0:00,606.81,BTC
9/27/2016 0:00,604.76,BTC
9/28/2016 0:00,603.52,BTC
9/29/2016 0:00,605.06,BTC
9/30/2016 0:00,608.44,BTC
10/1/2016 0:00,613.93,BTC
10/2/2016 0:00,610.29,BTC
10/3/2016 0:00,612.34,BTC
10/4/2016 0:00,609.37,BTC
10/5/2016 0:00,610.88,BTC
10/6/2016 0:00,610.9,BTC
10/7/2016 0:00,616.49,BTC
10/8/2016 0:00,616.6,BTC
10/9/2016 0:00,614.62,BTC
10/10/2016 0:00,617.42,BTC
10/11/2016 0:00,639.37,BTC
10/12/2016 0:00,635.08,BTC
10/13/2016 0:00,635.02,BTC
10/14/2016 0:00,638.37,BTC
10/15/2016 0:00,637.37,BTC
10/16/2016 0:00,639.83,BTC
10/17/2016 0:00,636.92,BTC
10/18/2016 0:00,635.51,BTC
10/19/2016 0:00,628.15,BTC
10/20/2016 0:00,628.62,BTC
10/21/2016 0:00,630.15,BTC
10/22/2016 0:00,652.71,BTC
10/23/2016 0:00,649.24,BTC
10/24/2016 0:00,648.4,BTC
10/25/2016 0:00,652.89,BTC
10/26/2016 0:00,674.36,BTC
10/27/2016 0:00,686.52,BTC
10/28/2016 0:00,688.1,BTC
10/29/2016 0:00,712.87,BTC
10/30/2016 0:00,696.35,BTC
10/31/2016 0:00,697.37,BTC
11/1/2016 0:00,729.27,BTC
11/2/2016 0:00,742.46,BTC
11/3/2016 0:00,687.51,BTC
11/4/2016 0:00,702.54,BTC
11/5/2016 0:00,704.16,BTC
11/6/2016 0:00,712.24,BTC
11/7/2016 0:00,704.02,BTC
11/8/2016 0:00,709.15,BTC
11/9/2016 0:00,721.19,BTC
11/10/2016 0:00,713.67,BTC
11/11/2016 0:00,716.56,BTC
11/12/2016 0:00,703.55,BTC
11/13/2016 0:00,702.5,BTC
11/14/2016 0:00,706.39,BTC
11/15/2016 0:00,711.96,BTC
11/16/2016 0:00,742.07,BTC
11/17/2016 0:00,735.41,BTC
11/18/2016 0:00,749.68,BTC
11/19/2016 0:00,750.63,BTC
11/20/2016 0:00,728.61,BTC
11/21/2016 0:00,736.72,BTC
11/22/2016 0:00,748.22,BTC
11/23/2016 0:00,741.6,BTC
11/24/2016 0:00,736.4,BTC
11/25/2016 0:00,738.28,BTC
11/26/2016 0:00,732.82,BTC
11/27/2016 0:00,728.42,BTC
11/28/2016 0:00,731.75,BTC
11/29/2016 0:00,731.76,BTC
11/30/2016 0:00,742.01,BTC
12/1/2016 0:00,753.25,BTC
12/2/2016 0:00,771.41,BTC
12/3/2016 0:00,764.97,BTC
12/4/2016 0:00,766.46,BTC
12/5/2016 0:00,750.71,BTC
12/6/2016 0:00,758.81,BTC
12/7/2016 0:00,763.9,BTC
12/8/2016 0:00,766.75,BTC
12/9/2016 0:00,770.41,BTC
12/10/2016 0:00,773.21,BTC
12/11/2016 0:00,768.62,BTC
12/12/2016 0:00,777.91,BTC
12/13/2016 0:00,775.25,BTC
12/14/2016 0:00,776.64,BTC
12/15/2016 0:00,775.48,BTC
12/16/2016 0:00,780.85,BTC
12/17/2016 0:00,788.58,BTC
12/18/2016 0:00,788.59,BTC
12/19/2016 0:00,790.16,BTC
12/20/2016 0:00,798.78,BTC
12/21/2016 0:00,833.1,BTC
12/22/2016 0:00,858.74,BTC
12/23/2016 0:00,916.79,BTC
12/24/2016 0:00,894.2,BTC
12/25/2016 0:00,894.48,BTC
12/26/2016 0:00,902.55,BTC
12/27/2016 0:00,931.11,BTC
12/28/2016 0:00,978.01,BTC
12/29/2016 0:00,969.62,BTC
12/30/2016 0:00,960.47,BTC
12/31/2016 0:00,968.23,BTC
1/1/2017 0:00,997.69,BTC
1/2/2017 0:00,1018.05,BTC
1/3/2017 0:00,1030.82,BTC
1/4/2017 0:00,1129.87,BTC
1/5/2017 0:00,1005.81,BTC
1/6/2017 0:00,895.67,BTC
1/7/2017 0:00,905.17,BTC
1/8/2017 0:00,913.52,BTC
1/9/2017 0:00,899.35,BTC
1/10/2017 0:00,904.79,BTC
1/11/2017 0:00,775.98,BTC
1/12/2017 0:00,802.83,BTC
1/13/2017 0:00,826.12,BTC
1/14/2017 0:00,818.64,BTC
1/15/2017 0:00,822.42,BTC
1/16/2017 0:00,830.26,BTC
1/17/2017 0:00,904.45,BTC
1/18/2017 0:00,884.25,BTC
1/19/2017 0:00,898.02,BTC
1/20/2017 0:00,891.62,BTC
1/21/2017 0:00,920.01,BTC
1/22/2017 0:00,925.33,BTC
1/23/2017 0:00,912.69,BTC
1/24/2017 0:00,885.65,BTC
1/25/2017 0:00,894.11,BTC
1/26/2017 0:00,915.1,BTC
1/27/2017 0:00,918.56,BTC
1/28/2017 0:00,920.28,BTC
1/29/2017 0:00,914.04,BTC
1/30/2017 0:00,920.24,BTC
1/31/2017 0:00,967.67,BTC
2/1/2017 0:00,987.35,BTC
2/2/2017 0:00,1007.79,BTC
2/3/2017 0:00,1018.11,BTC
2/4/2017 0:00,1033.65,BTC
2/5/2017 0:00,1013.99,BTC
2/6/2017 0:00,1024.61,BTC
2/7/2017 0:00,1052.54,BTC
2/8/2017 0:00,1054.34,BTC
2/9/2017 0:00,988.95,BTC
2/10/2017 0:00,993.08,BTC
2/11/2017 0:00,1010,BTC
2/12/2017 0:00,999.51,BTC
2/13/2017 0:00,996.86,BTC
2/14/2017 0:00,1009.25,BTC
2/15/2017 0:00,1009.12,BTC
2/16/2017 0:00,1034.08,BTC
2/17/2017 0:00,1053.12,BTC
2/18/2017 0:00,1058.41,BTC
2/19/2017 0:00,1052.82,BTC
2/20/2017 0:00,1083.24,BTC
2/21/2017 0:00,1123.66,BTC
2/22/2017 0:00,1122.19,BTC
2/23/2017 0:00,1178.38,BTC
2/24/2017 0:00,1180.92,BTC
2/25/2017 0:00,1151.58,BTC
2/26/2017 0:00,1179.97,BTC
2/27/2017 0:00,1194.28,BTC
2/28/2017 0:00,1190.89,BTC
3/1/2017 0:00,1230.02,BTC
3/2/2017 0:00,1260.92,BTC
3/3/2017 0:00,1290.79,BTC
3/4/2017 0:00,1267.68,BTC
3/5/2017 0:00,1277.68,BTC
3/6/2017 0:00,1280.87,BTC
3/7/2017 0:00,1232.43,BTC
3/8/2017 0:00,1150.48,BTC
3/9/2017 0:00,1191.81,BTC
3/10/2017 0:00,1117.02,BTC
3/11/2017 0:00,1181.64,BTC
3/12/2017 0:00,1229.5,BTC
3/13/2017 0:00,1243.24,BTC
3/14/2017 0:00,1246.31,BTC
3/15/2017 0:00,1259.6,BTC
3/16/2017 0:00,1172.91,BTC
3/17/2017 0:00,1070.13,BTC
3/18/2017 0:00,970.6,BTC
3/19/2017 0:00,1017.8,BTC
3/20/2017 0:00,1041.34,BTC
3/21/2017 0:00,1115.04,BTC
3/22/2017 0:00,1037.44,BTC
3/23/2017 0:00,1029.95,BTC
3/24/2017 0:00,935.95,BTC
3/25/2017 0:00,964.69,BTC
3/26/2017 0:00,965.23,BTC
3/27/2017 0:00,1040.49,BTC
3/28/2017 0:00,1044.25,BTC
3/29/2017 0:00,1040.39,BTC
3/30/2017 0:00,1037.53,BTC
3/31/2017 0:00,1079.75,BTC
4/1/2017 0:00,1089.51,BTC
4/2/2017 0:00,1098.78,BTC
4/3/2017 0:00,1147.63,BTC
4/4/2017 0:00,1143.75,BTC
4/5/2017 0:00,1135,BTC
4/6/2017 0:00,1190.6,BTC
4/7/2017 0:00,1193.02,BTC
4/8/2017 0:00,1184.82,BTC
4/9/2017 0:00,1210.05,BTC
4/10/2017 0:00,1213.34,BTC
4/11/2017 0:00,1224.77,BTC
4/12/2017 0:00,1216.5,BTC
4/13/2017 0:00,1178.53,BTC
4/14/2017 0:00,1183.44,BTC
4/15/2017 0:00,1180.7,BTC
4/16/2017 0:00,1184.79,BTC
4/17/2017 0:00,1203.73,BTC
4/18/2017 0:00,1217.6,BTC
4/19/2017 0:00,1226.94,BTC
4/20/2017 0:00,1255.4,BTC
4/21/2017 0:00,1257.13,BTC
4/22/2017 0:00,1244.37,BTC
4/23/2017 0:00,1248.22,BTC
4/24/2017 0:00,1248.32,BTC
4/25/2017 0:00,1263.54,BTC
4/26/2017 0:00,1284.84,BTC
4/27/2017 0:00,1329.19,BTC
4/28/2017 0:00,1320.05,BTC
4/29/2017 0:00,1327.04,BTC
4/30/2017 0:00,1347.96,BTC
5/1/2017 0:00,1402.08,BTC
5/2/2017 0:00,1443.68,BTC
5/3/2017 0:00,1492,BTC
5/4/2017 0:00,1515.63,BTC
5/5/2017 0:00,1512.21,BTC
5/6/2017 0:00,1548.29,BTC
5/7/2017 0:00,1555.47,BTC
5/8/2017 0:00,1639.32,BTC
5/9/2017 0:00,1706.93,BTC
5/10/2017 0:00,1756.8,BTC
5/11/2017 0:00,1807.37,BTC
5/12/2017 0:00,1676.99,BTC
5/13/2017 0:00,1759.96,BTC
5/14/2017 0:00,1772.42,BTC
5/15/2017 0:00,1697.38,BTC
5/16/2017 0:00,1718.2,BTC
5/17/2017 0:00,1802.16,BTC
5/18/2017 0:00,1887.33,BTC
5/19/2017 0:00,1968.1,BTC
5/20/2017 0:00,2051.73,BTC
5/21/2017 0:00,2055.62,BTC
5/22/2017 0:00,2139.03,BTC
5/23/2017 0:00,2291.48,BTC
5/24/2017 0:00,2476.3,BTC
5/25/2017 0:00,2357.5,BTC
5/26/2017 0:00,2247.48,BTC
5/27/2017 0:00,2106.31,BTC
5/28/2017 0:00,2207.58,BTC
5/29/2017 0:00,2289.87,BTC
5/30/2017 0:00,2197.23,BTC
8/31/2015 6:25,1.25,ETH
9/7/2015 6:25,1.28,ETH
9/14/2015 6:25,0.94,ETH
9/21/2015 6:25,0.95,ETH
9/28/2015 6:25,0.69,ETH
10/5/2015 6:25,0.68,ETH
10/12/2015 6:25,0.64,ETH
10/19/2015 6:25,0.53,ETH
10/26/2015 6:25,0.61,ETH
11/2/2015 6:25,1.07,ETH
11/9/2015 6:25,1.07,ETH
11/16/2015 6:25,0.93,ETH
11/23/2015 6:25,0.99,ETH
11/30/2015 6:25,0.86,ETH
12/7/2015 6:25,0.82,ETH
12/14/2015 6:25,0.98,ETH
12/21/2015 6:25,0.91,ETH
12/28/2015 6:25,0.86,ETH
1/4/2016 6:25,0.96,ETH
1/11/2016 6:25,1.06,ETH
1/18/2016 6:25,1.36,ETH
1/25/2016 6:25,2.1,ETH
2/1/2016 6:25,2.16,ETH
2/8/2016 6:25,2.97,ETH
2/15/2016 6:25,5.66,ETH
2/22/2016 6:25,5.26,ETH
2/29/2016 6:25,6.54,ETH
3/7/2016 6:25,10.96,ETH
3/14/2016 6:25,13.68,ETH
3/21/2016 6:25,10.58,ETH
3/28/2016 6:25,11.22,ETH
4/4/2016 6:25,11.59,ETH
4/11/2016 6:25,8.61,ETH
4/18/2016 6:25,9.16,ETH
4/25/2016 6:25,8.13,ETH
5/2/2016 6:25,9.08,ETH
5/9/2016 6:25,9.67,ETH
5/16/2016 6:25,10.25,ETH
5/23/2016 6:25,14.12,ETH
5/30/2016 6:25,12.5,ETH
6/6/2016 6:25,13.8,ETH
6/13/2016 6:25,16,ETH
6/20/2016 6:25,11.1,ETH
6/27/2016 6:25,14,ETH
7/4/2016 6:25,11.81,ETH
7/11/2016 6:25,10.7,ETH
7/18/2016 6:25,11.65,ETH
7/25/2016 6:25,13.35,ETH
8/1/2016 6:25,11.69,ETH
8/8/2016 6:25,11.09,ETH
8/15/2016 6:25,11.26,ETH
8/22/2016 6:25,11.27,ETH
8/29/2016 6:25,11.02,ETH
9/5/2016 6:25,11.82,ETH
9/12/2016 6:25,11.77,ETH
9/19/2016 6:25,12.92,ETH
9/26/2016 6:25,12.87,ETH
10/3/2016 6:25,13.19,ETH
10/10/2016 6:25,11.91,ETH
10/17/2016 6:25,11.75,ETH
10/24/2016 6:25,11.75,ETH
10/31/2016 6:25,11.3,ETH
11/7/2016 6:25,10.91,ETH
11/14/2016 6:25,10.13,ETH
11/21/2016 6:25,9.59,ETH
11/28/2016 6:25,8.81,ETH
12/5/2016 6:25,7.48,ETH
12/12/2016 6:25,8.2,ETH
12/19/2016 6:25,7.78,ETH
12/26/2016 6:25,7.25,ETH
1/2/2017 6:25,8.16,ETH
1/9/2017 6:25,10.39,ETH
1/16/2017 6:25,9.62,ETH
1/23/2017 6:25,10.71,ETH
1/30/2017 6:25,10.41,ETH
2/6/2017 6:25,11.24,ETH
2/13/2017 6:25,11.32,ETH
2/20/2017 6:25,12.78,ETH
2/27/2017 6:25,14.65,ETH
3/6/2017 6:25,19.18,ETH
3/13/2017 6:25,25.09,ETH
3/20/2017 6:25,42.62,ETH
3/27/2017 6:25,51.37,ETH
4/3/2017 6:25,45.5,ETH
4/10/2017 6:25,43.65,ETH
4/17/2017 6:25,49.15,ETH
4/24/2017 6:25,53.78,ETH
5/1/2017 6:25,85.42,ETH
5/8/2017 6:25,91.38,ETH
5/13/2017 11:45,89.69,ETH
5/16/2017 23:45,88.74,ETH
5/20/2017 11:45,122.53,ETH
5/23/2017 23:45,166.8,ETH
5/27/2017 11:59,146.8,ETH
5/30/2017 23:59,231.91,ETH
